BARCODE,NAMA BARANG,,BRAND,KATEGORI,SUB KATEGORI, STOK , HPP , HARGA JUAL , MULAI DARI 1 , SAMPAI DENGAN 1 , TINGKAT 1 , MULAI DARI 2 , SAMPAI DENGAN 2 , TINGKAT 2 , MULAI DARI 3 , SAMPAI DENGAN 3 , TINGKAT 3 , MULAI DARI 4 , SAMPAI DENGAN 4 , TINGKAT 4 ,KATEGORI PELANGGAN,HARGA KATEGORI
,Alas bunga mk,,,ALAS BUNGA MK,,,13450,17000,10,24,16006,25,99999,15468,,, - ,,, - ,Spesial,1000
,Alas dos snack,,,ALAS DOS SNACK,,,1000,2000,,, - ,,, - ,,, - ,,, - ,Spesial,1001
,Alas wp 20x20,,,ALAS WP MERAH,,,8250,11500,10,29,10725,30,39,10313,40,99999,9900,,, - ,Spesial,1002
,Alas wp 22x22,,,ALAS WP MERAH,,,10000,14000,10,29,13000,30,39,12500,40,99999,12000,,, - ,Spesial,1003
,Btl 330 ml,,,BOTOL,,,831,1300,50,99,1256,100,499,1128,500,99999,1050,,, - ,Spesial,1004
,Btl almond 250 ml,,,BOTOL,,,979,1400,50,99,1290,100,499,1223,500,99999, - ,,, - ,Spesial,1005
,Bubble pack h,,,BUBBLE PACK,,,96000,150000,5,99999,135000,,,120450,,, - ,,, - ,Spesial,1006
,Bubble pack h ec,,,BUBBLE PACK,,,2000,4500,10,99999,4000,,, - ,,, - ,,, - ,Spesial,1007
,Bubble pack p,,,BUBBLE PACK,,,173000,275000,5,99999,260000,,,219000,,, - ,,, - ,Spesial,1008
,Bubble pack p ec,,,BUBBLE PACK,,,2000,4500,10,99999,4000,,, - ,,, - ,,, - ,Spesial,1009
,Bubble pack p sip,,,BUBBLE PACK,,,150000,275000,5,99999,260000,,, - ,,, - ,,, - ,Spesial,1010
,Catering Set @50,,,CATERING SET,,,13500,17000,10,29,16630,30,99999,16261,,, - ,,, - ,Spesial,1011
,Ceting/wakul,,,CETING,,,1165,2300,120,99999,2088,,, - ,,, - ,,, - ,Spesial,1012
,Cup 120 ml Fby,,,CUP 120 ML,,,4188,6500,10,29,5277,30,39,5026,40,99999,4816,,, - ,Spesial,1013
,Cup 120 ml pls,,,CUP 120 ML,,,4188,6500,10,29,5277,30,39,5026,40,99999,4816,,, - ,Spesial,1014
,Cup bg 70 ml,,,CUP AGER BANGAU,,,2888,4500,10,29,3523,30,79,3379,80,99999,3292,,, - ,Spesial,1015
,Cup bg 90 ml,,,CUP AGER BANGAU,,,2888,4500,10,29,3523,30,79,3379,80,99999,3292,,, - ,Spesial,1016
,Cup injection 24 oz,,,CUP INJECTION,,,25325,31000,10,19,30000,20,99999,28700,,, - ,,, - ,Spesial,1017
,Ttp Lid injection,,,CUP INJECTION,,,7138,8500,10,19,8209,20,99999,7852,,, - ,,, - ,Spesial,1018
,Cup ns 70 ml ulir,,,CUP NS,,,8188,10500,10,29,9826,30,39,9416,40,99999,9007,,, - ,Spesial,1019
,Cup bg 10 oz,,,CUP OZ BANGAU,,,6375,8500,10,29,7778,30,39,7491,40,99999,7331,,, - ,Spesial,1020
,Cup bg 12 oz,,,CUP OZ BANGAU,,,6375,8500,10,29,7778,30,39,7491,40,99999,7331,,, - ,Spesial,1021
,Cup bg 14 oz,,,CUP OZ BANGAU,,,6375,8500,10,29,7778,30,39,7491,40,99999,7331,,, - ,Spesial,1022
,Cup bg 16 oz,,,CUP OZ BANGAU,,,6375,8500,10,29,7778,30,39,7491,40,99999,7331,,, - ,Spesial,1023
,Cup meong 22 oz (7 gram),,,CUP OZ MERAK,,,10600,14500,10,19,13538,20,99999,12347,,, - ,,, - ,Spesial,1024
,Cup meong 22 oz (8 gram),,,,,,11350,15500,10,19,14688,20,99999,13395,,,,,,,Spesial,1025
,Cup mrk 10 oz,,,CUP OZ MERAK,,,6875,9000,10,29,8388,30,39,8044,40,99999,7838,,, - ,Spesial,1026
,Cup mrk 12 oz,,,CUP OZ MERAK,,,6875,9000,10,29,8388,30,39,8044,40,99999,7838,,, - ,Spesial,1027
,Cup mrk 14 oz,,,CUP OZ MERAK,,,6875,9000,10,29,8388,30,39,8044,40,99999,7838,,, - ,Spesial,1028
,Cup mrk 16 oz,,,CUP OZ MERAK,,,6875,9000,10,29,8388,30,39,8044,40,99999,7838,,, - ,Spesial,1029
,Cup mrk 16 oz oval 8 gr,,,CUP OZ MERAK,,,12000,16000,10,19,15000,20,99999,14040,,, - ,,, - ,,
,Cup mrk 16 oz oval 7 gr,,,CUP OZ MERAK,,,11250,15000,10,19,14063,20,99999,13163,,, - ,,, - ,,
,Cup mrk 18 oval 7 gr,,,CUP OZ MERAK,,,11250,15000,10,19,14063,20,99999,13163,,, - ,,, - ,,
,"Cup mrk 18 oz 9,5 gr",,,CUP OZ MERAK,,,14750,18500,10,19,17700,20,99999,16963,,, - ,,, - ,,
,Cup mrk 18 oz 7 gr,,,CUP OZ MERAK,,,11250,15000,10,19,14063,20,99999,13163,,, - ,,, - ,,
,"Cup mrk 18 oz oval 9,5 gr",,,CUP OZ MERAK,,,14750,18500,10,19,17700,20,99999,16963,,, - ,,, - ,,
,"Cup mrk 22 oz 9,5 gr",,,CUP OZ MERAK,,,14750,18500,10,19,17700,20,99999,16963,,, - ,,, - ,,
,Cup mrk 22 oz 7 gr,,,CUP OZ MERAK,,,11250,15000,10,19,14063,20,99999,13163,,, - ,,, - ,,
,"Cup mrk 22 oz oval 9,5 gr",,,CUP OZ MERAK,,,14750,18500,10,19,17700,20,99999,16963,,, - ,,, - ,,
,Cup mrk 22 oz slim 7 gr,,,CUP OZ MERAK,,,11250,15000,10,19,14063,20,99999,13163,,, - ,,, - ,,
,Cup mrk 22 oz slim 8 gr,,,CUP OZ MERAK,,,12000,16000,10,19,15000,20,99999,14040,,, - ,,, - ,,
,Cup strd 16 oz 7 gr,,,CUP OZ STARINDO,,,11250,15000,10,19,14063,20,99999,13163,,, - ,,, - ,,
,Cup sbl suapi 25ml,,,CUP SAMBAL SUAPI,,,7081,11000,10,23,10550,24,99999,10100,,, - ,,, - ,,
,Cup sbl suapi 35ml,,,CUP SAMBAL SUAPI,,,8395,13000,10,23,12350,24,99999,11800,,, - ,,, - ,,
,Cup 100 ml ulir,,,CUP ULIR,,,10868,13500,10,19,12824,20,99999,12118,,, - ,,, - ,,
,Cup 100 ml victory @50,,,CUP VICTORY,,,16305,20500,10,19,19077,20,99999,18099,,, - ,,, - ,,
,Cup 150 ml victory @25,,,CUP VICTORY,,,8978,11500,10,29,10774,30,39,10325,40,99999,9966,,, - ,,
,"Dolley paper 4,5 grade",,,DOLLEY PAPER,,,11682,13000,4,7,12421,8,99999,11866,,, - ,,, - ,,
,"Dolley paper 6,5 grade",,,DOLLEY PAPER,,,20233,23500,4,7,22864,8,99999,21650,,, - ,,, - ,,
,"Dolley paper 7,5 grade",,,DOLLEY PAPER,,,22531,26500,4,7,25235,8,99999,24108,,, - ,,, - ,,
,"Dolley paper 8,5 grade",,,DOLLEY PAPER,,,31862,37500,4,7,35685,8,99999,34092,,, - ,,, - ,,
,D 14x14/310,,,DOS 310,,,347,486,100,499,434,500,999,425,1000,99999,416,,, - ,,
,D 15x15/310,,,DOS 310,,,403,564,100,499,504,500,999,494,1000,99999,484,,, - ,,
,D 16x16/310,,,DOS 310,,,426,596,100,499,533,500,999,522,1000,99999,511,,, - ,,
,D 17x17/310,,,DOS 310,,,490,686,100,499,613,500,999,600,1000,99999,588,,, - ,,
,D 18x18/310,,,DOS 310,,,493,690,100,499,616,500,999,604,1000,99999,592,,, - ,,
,D 20x20/310,,,DOS 310,,,594,832,100,499,743,500,999,728,1000,99999,713,,, - ,,
,D 22x22/310,,,DOS 310,,,713,998,100,499,891,500,999,873,1000,99999,856,,, - ,,
,D 16x16/cot,,,DOS COTED,,,717,1040,100,499,932,500,999,925,1000,99999,918,,, - ,,
,D 18x18/cot,,,DOS COTED,,,840,1218,100,499,1092,500,999,1084,1000,99999,1075,,, - ,,
,D 20x20/cot,,,DOS COTED,,,1008,1462,100,499,1310,500,999,1300,1000,99999,1290,,, - ,,
,D 22x22/cot,,,DOS COTED,,,1142,1656,100,499,1485,500,999,1473,1000,99999,1462,,, - ,,
,D 24x24/cot,,,DOS COTED,,,1333,1800,100,499,1733,500,999,1720,1000,99999,1706,,, - ,,
,D 25x25/cot,,,DOS COTED,,,1534,2071,100,499,1994,500,999,1979,1000,99999,1964,,, - ,,
,D 16 Kraft tutup pisah,,,DOS KRAFT,,,388,621,100,499,563,500,999,543,1000,99999,524,,, - ,,
,D 16 Kraft tutup sambung,,,DOS KRAFT,,,798,1077,100,499,966,500,999,954,1000,99999,942,,, - ,,
,D 18 kraft tutup pisah,,,DOS KRAFT,,,454,726,100,499,658,500,999,636,1000,99999,613,,, - ,,
,D 20 kraft non window,,,DOS KRAFT,,,983,1200,100,499,1090,500,999,1060,1000,99999, - ,,, - ,,
,D 20 kraft tutup pisah,,,DOS KRAFT,,,520,848,100,499,769,500,999,742,1000,99999,716,,, - ,,
,D 12x12 ufe motif,,,DOS SNACK,,,567,740,100,499,716,500,999,701,1000,99999,687,,, - ,,
,D 12x16 ufe motif,,,DOS SNACK,,,619,785,100,499,753,500,999,741,1000,99999,728,,, - ,,
,D 18x18 batik tutup sambung,,,DOS KRAFT,,,635,857,100,499,810,500,999,794,1000,99999,762,,, - ,,
,D 3 snack Kraft,,,DOS SNACK,,,231,454,100,499,412,500,999,398,1000,99999,383,,, - ,,
,D 3 snack motif bkc,,,DOS SNACK,,,423,600,100,499,572,500,999,563,1000,99999,553,,, - ,,
,D 3 snack/310,,,DOS SNACK,,,258,400,100,499,374,500,999,368,1000,99999,361,,, - ,,
,D 3 snack/wrn,,,DOS SNACK,,,525,709,100,499,688,500,999,680,1000,99999,672,,, - ,,
,D AQT batik,,,DOS SNACK,,,390,600,100,499,581,500,999,550,1000,99999,526,,, - ,,
,D aqt motif,,,DOS SNACK,,,550,775,100,499,750,500,999,736,1000,99999,720,,, - ,,
,D Aqua Kraft,,,DOS SNACK,,,292,581,100,499,526,500,999,508,1000,99999,490,,, - ,,
,D aqua/310,,,DOS SNACK,,,370,518,100,499,485,500,999,479,1000,99999,474,,, - ,,
,D aqua/cot,,,DOS SNACK,,,505,657,100,499,636,500,999,624,1000,99999,611,,, - ,,
,D aqua/wrn,,,DOS SNACK,,,663,796,100,499,762,500,999,749,1000,99999,736,,, - ,,
,D R13 Kraft,,,DOS SNACK,,,227,454,100,499,412,500,999,398,1000,99999,383,,, - ,,
,D R13x10 bunga,,,DOS SNACK,,,525,709,100,499,688,500,999,680,1000,99999,672,,, - ,,
,D renda,,,DOS SNACK,,,192,317,100,499,287,500,999,277,1000,99999,267,,, - ,,
,D 16x16/wrn,,,DOS WARNA/MOTIF,,,773,1121,100,499,1005,500,999,997,1000,99999,989,,, - ,,
,D 18 tap motif,,,DOS WARNA/MOTIF,,,990,1350,100,499,1275,500,999,1235,1000,99999,1200,,, - ,,
,D 18x18/wrn,,,DOS WARNA/MOTIF,,,907,1315,100,499,1179,500,999,1170,1000,99999,1161,,, - ,,
,D 20 tap motif,,,DOS WARNA/MOTIF,,,1082,1638,100,499,1580,500,999,1486,1000,99999,1406,,, - ,,
,D 20x20/wrn,,,DOS WARNA/MOTIF,,,1225,1776,100,499,1593,500,999,1580,1000,99999,1568,,, - ,,
,D 22x22/wrn,,,DOS WARNA/MOTIF,,,1545,2240,100,499,2009,500,999,1993,1000,99999,1978,,, - ,,
,D. martabak,,,DOS WARNA/MOTIF,,,800,1000,100,499,938,500,999,913,1000,99999, - ,,, - ,,
,Gls aqua mrk,,,GELAS AQUA,,,4188,6500,10,29,5277,30,39,5026,40,99999,4816,,, - ,,
,Gls frutang mrk,,,GELAS AQUA,,,4188,6500,10,29,5277,30,39,5026,40,99999,4816,,, - ,,
,"Hd 2,5 kg 05 polos",,,HD 05,,,24343,30000,10,29,28835,30,99999,27995,,, - ,,, - ,,
,HD 5 kg 05 polos,,,HD 05,,,40824,50000,10,24,48356,25,99999,46948,,, - ,,, - ,,
,HD 5 KG 06 Polos,,,HD 06,,,40783,50000,10,24,48400,25,99999,47000,,, - ,,, - ,,
,Hd boyo 1 kg 0.15,,,HD BOYO,,,2668,3500,10,29,2881,30,399,2855,400,99999,2828,,, - ,,
,Hd boyo 1 kg 02,,,HD BOYO,,,4294,5000,10,29,4638,30,74,4595,75,99999,4552,,, - ,,
,Hd boyo 1/2 kg 0.15,,,HD BOYO,,,1724,2000,10,29,1862,30,399,1845,400,99999,1827,,, - ,,
,Hd boyo 1/4 kg 0.15,,,HD BOYO,,,1173,1500,10,29,1325,30,399,1284,400,99999,1243,,, - ,,
,"Hd boyo 18x27 0,15",,,HD BOYO,,,3460,4000,10,29,3737,30,99,3702,100,99999,3668,,, - ,,
,Hd boyo 2 kg 0.1,,,HD BOYO,,,3437,4000,10,29,3712,30,99,3678,100,99999,3643,,, - ,,
,Hd boyo 2 kg 0.15,,,HD BOYO,,,4224,5000,10,29,4562,30,99,4520,100,99999,4477,,, - ,,
,Hd boyo 3 kg 0.1,,,HD BOYO,,,5279,6500,10,29,5701,30,49,5649,50,99999,5597,,, - ,,
,Hd camar 10 kg,,,HD CAMAR,,,20688,23500,10,29,23200,30,49,23000,50,99999,22800,,, - ,,
,Hd 25x30x02 kng,,,HD KUNING 25X30X02,,,250,300,,, - ,,, - ,,, - ,,, - ,,
,Hd lb 10 kg,,,HD LB,,,18304,23500,10,29,23190,30,99999,22574,,, - ,,, - ,,
,Hd lb 5 kg,,,HD LB,,,12320,15000,10,29,14479,30,39,14286,40,99999,14094,,, - ,,
,Hd lb 7 kg,,,HD LB,,,15488,19000,10,29,18616,30,39,18369,40,99999,18121,,, - ,,
,HD non plong 15x22,,,HD NON PLONG,,,8250,11000,10,29,10313,30,99,10024,100,99999,9735,,, - ,,
,HD non plong 20x30,,,HD NON PLONG,,,15787,20500,10,29,19734,30,79,19181,80,99999,18629,,, - ,,
,HD non plong 25x35,,,HD NON PLONG,,,24953,32500,10,29,31191,30,49,30318,50,99999,29445,,, - ,,
,HD non plong 30x40,,,HD NON PLONG,,,33814,44000,10,29,42268,30,39,41084,40,99999,39901,,, - ,,
,HD non plong 35x50,,,HD NON PLONG,,,46749,60000,10,24,58436,25,99999,56800,,, - ,,, - ,,
,Hd sobek laba-laba,,,HD SOBEK,,,59157,80000,10,99999,75000,,, - ,,, - ,,, - ,,
,Hd tic tas 10 kg,,,HD TIC TAS,,,22250,24800,10,29,24500,30,49,24200,50,99999,23900,,, - ,,
,Hd tic tas 5 kg,,,HD TIC TAS,,,14274,15900,10,29,15700,30,49,15500,50,99999,15300,,, - ,,
,Hd tic tas 60x100x035,,,HD TIC TAS,,,33911,36500,10,24,35800,25,99999,35400,,, - ,,, - ,,
,Hd tic tas 7 kg,,,HD TIC TAS,,,18043,20000,10,29,19750,30,49,19500,50,99999,19300,,, - ,,
,Isi stpls etona bsr,,,ISI STAPLES,,,3250,4500,10,29,3960,30,99999,3795,,, - ,,, - ,,
,isi stpls gw kcl,,,ISI STAPLES,,,1442,2500,10,29,1702,30,99999,1586,,, - ,,, - ,,
,Jh jc ank elmondo,,,JAS HUJAN,,,8000,10000,,, - ,,, - ,,, - ,,, - ,,
,Jh jc bicolor 234 R,,,JAS HUJAN,,,57165,62982,12,99999,61738,,, - ,,, - ,,, - ,,
,Jh jc harmony,,,JAS HUJAN,,,67000,75000,12,99999,73000,,, - ,,, - ,,, - ,,
,Jh jc kombinasi T212R,,,JAS HUJAN,,,57165,62982,12,99999,61738,,, - ,,, - ,,, - ,,
,Jh pl aurora,,,JAS HUJAN,,,58275,65000,12,99999,63300,,, - ,,, - ,,, - ,,
,Jh pl elmondo 703,,,JAS HUJAN,,,70000,80000,,, - ,,, - ,,, - ,,, - ,,
,Jh pl plevia,,,JAS HUJAN,,,50000,54000,12,23,53000,24,99999,51000,,, - ,,, - ,,
,Jh pl tribal,,,JAS HUJAN,,,58954,64854,12,99999,63674,,, - ,,, - ,,, - ,,
,Jh plc varia metalik,,,JAS HUJAN,,,70000,74445,12,99999,73092,,, - ,,, - ,,, - ,,
,Jh hdpe jaket celana,,,JAS HUJAN HDPE,,,6125,8000,,, - ,,, - ,,, - ,,, - ,,
,JH sniper,,,JAS HUJAN HDPE,,,3480,5500,12,119,4750,120,479,4625,480,99999,4480,,, - ,,
,JH tiga saudara,,,JAS HUJAN HDPE,,,3480,5500,12,119,4750,120,479,4625,480,99999,4480,,, - ,,
,Bell br Htm Sp Jb,,,KANTONG KRESEK,,,51051,65000,10,24,63395,25,99999,62312,,, - ,,, - ,,
,Bell br Pth Sp Jb,,,KANTONG KRESEK,,,51051,65000,10,24,63395,25,99999,62312,,, - ,,, - ,,
,Bell hj Htm sp,,,KANTONG KRESEK,,,19508,26000,10,29,25250,30,59,25043,,,24836,,, - ,,
,Bell hj Pth sp,,,KANTONG KRESEK,,,19508,26000,10,29,25250,30,59,25043,,,24836,,, - ,,
,Bell Kng pth sp,,,KANTONG KRESEK,,,17802,23000,10,29,22370,30,59,22187,,,22003,,, - ,,
,Camar Wrn Bsr,,,KANTONG KRESEK,,,6691,8500,10,29,7996,30,124,7834,,,7729,,, - ,,
,Camar Wrn Tg,,,KANTONG KRESEK,,,6691,8500,10,29,7996,30,124,7834,,,7729,,, - ,,
,Deal bng Bsr,,,KANTONG KRESEK,,,5418,7000,10,29,6555,30,139,6388,,,6222,,, - ,,
,Deal bng Kcl,,,KANTONG KRESEK,,,5418,7000,10,29,6555,30,139,6388,,,6222,,, - ,,
,Deal bng Tg,,,KANTONG KRESEK,,,5418,7000,10,29,6555,30,139,6388,,,6222,,, - ,,
,Idola wrn sp jb,,,KANTONG KRESEK,,,30522,36000,10,24,35000,25,99999,34000,,, - ,,, - ,,
,Kresek dos 28x48 polos,,,KANTONG KRESEK,,,12600,17000,10,29,15500,30,149,15086,,,14700,,, - ,,
,Kresek im dos 28x48,,,KANTONG KRESEK,,,11835,17000,10,29,15500,30,149,15086,,,14700,,, - ,,
,Kresek tic tas dos 20&22 bening PE,,,KANTONG KRESEK,,,22938,30000,10,29,28927,30,99999,27722,,, - ,,, - ,,
,Laku htm Bsr,,,KANTONG KRESEK,,,9100,11000,10,29,10465,30,99,10238,,,10010,,, - ,,
,Laku htm Kcl,,,KANTONG KRESEK,,,3991,5000,10,29,4789,30,199,4590,,,4390,,, - ,,
,Laku htm Tg,,,KANTONG KRESEK,,,5747,7500,10,29,6896,30,149,6609,,,6322,,, - ,,
,Laku pth Bsr,,,KANTONG KRESEK,,,9100,11000,10,29,10465,30,99,10238,,,10010,,, - ,,
,Laku Pth Kcl,,,KANTONG KRESEK,,,3991,5000,10,29,4789,30,199,4590,,,4390,,, - ,,
,Laku pth Tg,,,KANTONG KRESEK,,,5747,7500,10,29,6896,30,149,6609,,,6322,,, - ,,
,Los Laku Wrn Bsr,,,KANTONG KRESEK,,,11330,13000,20,49,12375,50,99999,12072,,, - ,,, - ,,
,Los Laku Wrn Kcl,,,KANTONG KRESEK,,,11330,13000,20,49,12375,50,99999,12072,,, - ,,, - ,,
,Los Laku Wrn Tg,,,KANTONG KRESEK,,,11330,13000,20,49,12375,50,99999,12072,,, - ,,, - ,,
,Los mrk wrn Bsr,,,KANTONG KRESEK,,,9450,12000,20,49,11400,50,99999,11000,,, - ,,, - ,,
,Los mrk wrn Kcl,,,KANTONG KRESEK,,,9450,12000,20,49,11400,50,99999,11000,,, - ,,, - ,,
,Los mrk wrn Tg,,,KANTONG KRESEK,,,9450,12000,20,49,11400,50,99999,11000,,, - ,,, - ,,
,Los prisma Htm Bsr,,,KANTONG KRESEK,,,8498,10000,20,49,9315,50,99999,9048,,, - ,,, - ,,
,Los prisma Htm Kcl,,,KANTONG KRESEK,,,8498,10000,20,49,9315,50,99999,9048,,, - ,,, - ,,
,Los prisma Htm Tg,,,KANTONG KRESEK,,,8498,10000,20,49,9315,50,99999,9048,,, - ,,, - ,,
,Los prisma pth bsr,,,KANTONG KRESEK,,,12103,14000,20,49,13475,50,99999,13162,,, - ,,, - ,,
,Los prisma pth kcl,,,KANTONG KRESEK,,,12103,14000,20,49,13475,50,99999,13162,,, - ,,, - ,,
,Los prisma pth tg,,,KANTONG KRESEK,,,12103,14000,20,49,13475,50,99999,13162,,, - ,,, - ,,
,Mercu kng Jb,,,KANTONG KRESEK,,,18349,22000,10,29,21100,30,39,20450,40,99999, - ,,, - ,,
,Mesem Htm Jb,,,KANTONG KRESEK,,,17729,23000,10,29,20972,30,39,20707,40,99999,20353,,, - ,,
,Mesem Htm Sp,,,KANTONG KRESEK,,,16025,21000,10,29,19322,30,44,19087,45,99999,18761,,, - ,,
,Mesem Pth Jb,,,KANTONG KRESEK,,,19027,25000,10,29,23403,30,34,23118,35,99999,22832,,, - ,,
,Mesem Pth Sp,,,KANTONG KRESEK,,,16025,22000,10,29,20066,30,44,19822,45,99999,19577,,, - ,,
,Pluit Merah Jb,,,KANTONG KRESEK,,,15391,18500,10,29,17700,30,59,17238,60,99999,16776,,,16161,,
,Pluit Ungu Sp,,,KANTONG KRESEK,,,9082,11000,10,29,10443,30,99,10216,100,99999,9989,,, - ,,
,Sniper Kng Htm Jb,,,KANTONG KRESEK,,,10675,13500,10,29,12703,30,59,12490,60,99999,12276,,, - ,,
,Sniper Lorek Hj Sp,,,KANTONG KRESEK,,,6547,9500,10,29,8241,30,119,7973,120,99999,7705,,, - ,,
,Sparta Bng Kcl,,,KANTONG KRESEK,,,1996,2500,10,29,2395,30,399,2345,400,99999,2295,,, - ,,
,Tic tas bening PE Kcl,,,KANTONG KRESEK,,,7900,11000,10,29,9962,30,119,9755,120,99999,9547,,, - ,,
,Tic tas bening PE Tg,,,KANTONG KRESEK,,,16859,22000,10,29,20731,30,49,20299,50,99999,19867,,, - ,,
,Tic tas Br Bsr,,,KANTONG KRESEK,,,9464,13000,10,29,12249,30,119,12148,120,99999,12048,,, - ,,
,Tic tas br Htm Jb,,,KANTONG KRESEK,,,35770,45500,10,29,44402,30,99999,43643,,, - ,,, - ,,
,Tic tas Br Kcl,,,KANTONG KRESEK,,,4064,5500,10,29,5305,30,319,5240,320,99999,5176,,, - ,,
,Tic tas br Pth Jb,,,KANTONG KRESEK,,,35770,45500,10,29,44402,30,99999,43643,,, - ,,, - ,,
,Tic tas Br Tg,,,KANTONG KRESEK,,,6146,8500,10,29,8020,30,179,7922,180,99999,7824,,, - ,,
,Tic tas dos 24/25 Kng,,,KANTONG KRESEK,,,30211,36500,10,29,35896,30,39,35255,40,99999,34614,,, - ,,
,Tic tas Mrh Bsr,,,KANTONG KRESEK,,,12129,16500,10,29,15700,30,99,15571,100,99999,15443,,, - ,,
,Tic tas Mrh Kcl,,,KANTONG KRESEK,,,5679,8000,10,29,7410,30,249,7319,250,99999,7229,,, - ,,
,Tic tas Mrh Tg,,,KANTONG KRESEK,,,9130,12500,10,29,11913,30,149,11767,150,99999,11622,,, - ,,
,Karet anggur,,,KARET,,,26797,31000,10,29,30281,30,99,29879,100,99999,29477,,, - ,,
,Karet bima,,,KARET,,,9450,12000,10,29,11250,30,59,11009,60,99999,10850,,, - ,,
,Karet Brontoseno,,,KARET,,,5334,8000,10,29,7500,30,99,7300,100,99999,7100,,, - ,,
,Karet Brontoseno Hijau,,,KARET,,,5334,8000,10,29,7500,30,99,7300,100,99999,7100,,, - ,,
,Karet gajah 1 ons,,,KARET,,,5500,7500,10,29,7000,30,99,6770,100,99999,6500,,,5960,,
,Karet semar putih kcl,,,KARET,,,6400,8000,10,29,7760,30,99,7616,100,99999,7490,,, - ,,
,Karung 100 kg,,,KARUNG,,,2961,4750,100,249,4200,250,499,4100,500,99999,3900,,, - ,,
,Karung 150 kg,,,KARUNG,,,4001,6250,100,249,5700,250,499,5500,500,99999,5300,,, - ,,
,Karung 200 kg,,,KARUNG,,,6389,9500,100,249,8600,250,99999,8300,,, - ,,, - ,,
,Karung 25 kg,,,KARUNG,,,1103,1800,100,249,1600,250,999,1550,1000,99999,1460,,, - ,,
,Karung 50 kg,,,KARUNG,,,1738,2750,100,249,2500,250,999,2400,1000,99999,2300,,, - ,,
,Karung gabah,,,KARUNG,,,2048,3125,100,249,2900,250,999,2800,1000,99999,2700,,, - ,,
,Kawat souvenir visi,,,KAWAT SOUVENIR,,,4750,8000,10,23,7500,24,99999,7000,,, - ,,, - ,,
,Bintang mas,,,KERTAS BUNGKUS,,,24000,29000,10,24,28300,25,99999,27900,,, - ,,, - ,,
,Mk hijau,,,KERTAS BUNGKUS,,,7700,10000,10,24,9375,25,59,9188,,99999,9000,,, - ,,
,Mk merah,,,KERTAS BUNGKUS,,,21675,26000,10,24,24853,25,99999,24210,,, - ,,, - ,,
,Mk orange,,,KERTAS BUNGKUS,,,9150,11500,10,24,10860,25,59,10634,,99999,10408,,, - ,,
,Mk ungu,,,KERTAS BUNGKUS,,,17775,23500,10,24,22219,25,99999,21330,,, - ,,, - ,,
,Wp biru,,,KERTAS BUNGKUS,,,21000,25000,10,24,24070,25,99999,23448,,, - ,,, - ,,
,Wp merah,,,KERTAS BUNGKUS,,,23400,28000,10,24,26854,25,99999,26160,,, - ,,, - ,,
,Kertas kentang coklat,,,KERTAS KENTANG,,,9646,11000,10,29,10804,30,99999,10514,,, - ,,, - ,,
,MK PUTIH,,,KERTAS NASI PUTIH,,,4950,7000,10,29,6317,30,49,6039,50,99999,5792,,, - ,,
,WP PUTIH,,,KERTAS NASI PUTIH,,,8500,11500,10,29,10438,30,49,10030,50,99999,9520,,, - ,,
,Lbl golden cock,,,LABEL,,,2500,3500,25,249,3000,250,499,2875,500,99999,2750,,, - ,,
,Lbn Fragile,,,LAKBAN & SOLASI,,,6700,10000,6,35,9000,36,71,8400,72,99999,7900,,, - ,,
,Lbn nachi B Tbl,,,LAKBAN & SOLASI,,,7550,11000,6,35,10000,36,71,9500,72,99999,8900,,,8140,,
,Lbn nachi C Tbl,,,LAKBAN & SOLASI,,,7550,11000,6,35,10000,36,71,9500,72,99999,8900,,,8140,,
,Lbn nachi c tps,,,LAKBAN & SOLASI,,,5000,6000,6,35,5800,36,71,5300,72,99999,5000,,, - ,,
,Sls nachi 1 inch,,,LAKBAN & SOLASI,,,6000,6500,6,35,6100,36,71,5800,72,99999,5600,,,5546,,
,Sls nachi 1/2 inch,,,LAKBAN & SOLASI,,,2521,4500,12,59,4160,60,143,3800,144,99999,3500,,,2773,,
,Las besi 20 cm,,,LAS BESI,,,228000,260000,,, - ,,, - ,,, - ,,, - ,,
,Las besi 30 cm,,,LAS BESI,,,330600,377000,,, - ,,, - ,,, - ,,, - ,,
,Las plastik 20 cm,,,LAS PLASTIK,,,200000,239000,,, - ,,, - ,,, - ,,, - ,,
,Las plastik 30 cm,,,LAS PLASTIK,,,300000,345000,,, - ,,, - ,,, - ,,, - ,,
,Lepek kotak mas,,,LEPEK,,,2216,3000,10,29,2800,30,99,2700,100,99999,2600,,, - ,,
,Lepek kotak perak,,,LEPEK,,,2216,3000,10,29,2800,30,99,2700,100,99999,2600,,, - ,,
,Lepek putih,,,LEPEK,,,3089,4000,10,29,3800,30,99,3700,100,99999,3600,,, - ,,
,Lunch box L coklat,,,LUNCH BOX COKLAT,,,641,1000,100,399,929,400,99999,865,,, - ,,, - ,,
,Lunch box L coklat window,,,LUNCH BOX COKLAT,,,651,1100,100,399,1042,400,99999,944,,, - ,,, - ,,
,Lunch box M coklat,,,LUNCH BOX COKLAT,,,494,800,100,399,693,400,99999,626,,, - ,,, - ,,
,Lunch box M coklat window,,,LUNCH BOX COKLAT,,,462,900,100,399,746,400,99999,678,,, - ,,, - ,,
,Lunch box S coklat,,,LUNCH BOX COKLAT,,,347,550,100,399,468,400,99999,416,,, - ,,, - ,,
,Lunch box L putih,,,LUNCH BOX PUTIH,,,1024,1700,100,499,1597,500,99999,1495,,, - ,,, - ,,
,Lunch box M putih,,,LUNCH BOX PUTIH,,,876,1300,100,499,1150,500,99999,1090,,, - ,,, - ,,
,Mangkok 200 ml,,,MANGKOK,,,11242,16500,10,19,15402,20,99999,14277,,, - ,,, - ,,
,Mangkok 300 ml,,,MANGKOK,,,12126,18000,10,19,16613,20,99999,15400,,, - ,,, - ,,
,Mangkok 400 ml,,,MANGKOK,,,14145,21000,10,19,19379,20,99999,17964,,, - ,,, - ,,
,Mangkok 450 ml,,,MANGKOK,,,14650,21500,10,19,20071,20,99999,18606,,, - ,,, - ,,
,Mangkok bakso,,,MANGKOK,,,45000,55000,10,19,52000,20,99999,50200,,, - ,,, - ,,
,Mangkok 300 ml DMS,,,MANGKOK DMS,,,11700,17000,10,19,16029,20,99999,14859,,, - ,,, - ,,
,Mangkok 400 ml bowl DMS,,,MANGKOK DMS,,,13650,20000,10,19,18701,20,99999,17336,,, - ,,, - ,,
,Mangkok 450 ml round DMS,,,MANGKOK DMS,,,14000,20500,10,19,19180,20,99999,17780,,, - ,,, - ,,
,Mangkok bsr tekno,,,MANGKOK PLASTIK,,,17813,19500,10,99999,19000,,, - ,,, - ,,, - ,,
,Mangkok kcl tekno,,,MANGKOK PLASTIK,,,9305,10500,10,99999,10000,,, - ,,, - ,,, - ,,
,Mangkok tg tekno,,,MANGKOK PLASTIK,,,13520,15000,10,99999,14500,,, - ,,, - ,,, - ,,
,Mangkok 200 ml victory,,,MANGKOK VICTORY,,,11200,16500,10,19,15344,20,99999,14224,,, - ,,, - ,,
,Masker scuba htm,,,MASKER,,,5500,7000,,, - ,,, - ,,, - ,,, - ,,
,Masker scuba pth,,,MASKER,,,5500,7000,,, - ,,, - ,,, - ,,, - ,,
,Microwave 1000 ml,,,MICROWAVE,,,22346,30000,10,19,28665,20,99999,27685,,, - ,,, - ,,
,Microwave 1000 ml ec,,,MICROWAVE,,,900,1500,,, - ,,, - ,,, - ,,, - ,,
,Microwave 1000 ml kiip,,,MICROWAVE,,,26000,32000,10,19,30993,20,99999,29948,,, - ,,, - ,,
,Microwave 1000 ml klir,,,MICROWAVE,,,26500,32500,10,19,31500,20,99999,30000,,, - ,,, - ,,
,Microwave 1000 ml kotak,,,MICROWAVE,,,38435,46000,4,5,44585,6,99999,43047,,, - ,,, - ,,
,Microwave 1000 ml kotak ec,,,MICROWAVE,,,1600,2150,,, - ,,, - ,,, - ,,, - ,,
,Microwave 1500 ml kotak,,,MICROWAVE,,,43335,50500,4,5,48184,6,99999,46598,,, - ,,, - ,,
,Microwave 1500 ml kotak ec,,,MICROWAVE,,,1800,2350,,, - ,,, - ,,, - ,,, - ,,
,Microwave 200 ml DM,,,MICROWAVE,,,12809,15000,10,15,14602,16,99999,14112,,, - ,,, - ,,
,Microwave 500 ml,,,MICROWAVE,,,19949,25000,10,19,23741,20,99999,22943,,, - ,,, - ,,
,Microwave 500 ml ec,,,MICROWAVE,,,800,1200,,, - ,,, - ,,, - ,,, - ,,
,Microwave 650 ml ec,,,MICROWAVE,,,850,1250,,, - ,,, - ,,, - ,,, - ,,
,Microwave 650 ml tekno/DM,,,MICROWAVE,,,20705,26000,10,19,24639,20,99999,23811,,, - ,,, - ,,
,Microwave 750 ml,,,MICROWAVE,,,22724,27500,10,19,26660,20,99999,25763,,, - ,,, - ,,
,Microwave 750 ml ec,,,MICROWAVE,,,950,1350,,, - ,,, - ,,, - ,,, - ,,
,Microwave 750 ml kiip,,,MICROWAVE,,,25500,30500,10,19,29500,20,99999,28500,,, - ,,, - ,,
,DDM - S20,,,MIKA,,,6843,10000,10,29,9500,30,99999,8700,,, - ,,, - ,,
,Mika Segitiga,,,MIKA,,,861,1100,100,99999,1000,,, - ,,, - ,,, - ,,
,Lite 14x25x012,,,MIKA 012 LITE,,,18363,21500,10,29,20700,30,49,20400,50,99999,20200,,, - ,,
,Lite 15x30x012,,,MIKA 012 LITE,,,18363,21500,10,29,20700,30,49,20400,50,99999,20200,,, - ,,
,Lite 16x27x012,,,MIKA 012 LITE,,,18363,21500,10,29,20700,30,49,20400,50,99999,20200,,, - ,,
,Lite 16x32x012,,,MIKA 012 LITE,,,18363,21500,10,29,20700,30,49,20400,50,99999,20200,,, - ,,
,Lite 17x30x012,,,MIKA 012 LITE,,,18363,21500,10,29,20700,30,49,20400,50,99999,20200,,, - ,,
,Lite 18x30x012,,,MIKA 012 LITE,,,18363,21500,10,29,20700,30,49,20400,50,99999,20200,,, - ,,
,Lite 20x35x012,,,MIKA 012 LITE,,,18363,21500,10,29,20700,30,49,20400,50,99999,20200,,, - ,,
,B 01,,,MIKA AG,,,1703,2500,50,499,2248,500,99999,2000,,, - ,,, - ,,
,B 1AL,,,MIKA AG,,,48937,58000,5,9,56522,10,99999,55140,,, - ,,, - ,,
,B 2,,,MIKA AG,,,31828,38000,10,19,36443,20,99999,34750,,, - ,,, - ,,
,B 3C,,,MIKA AG,,,27844,31000,10,19,30211,20,99999,29400,,, - ,,, - ,,
,B 4C,,,MIKA AG,,,16735,19000,10,19,18325,20,99999,17750,,, - ,,, - ,,
,B 5C,,,MIKA AG,,,12844,16000,10,29,15220,30,99999,14450,,, - ,,, - ,,
,B 6A,,,MIKA AG,,,11688,15000,10,29,14376,30,99999,13750,,, - ,,, - ,,
,B 7A,,,MIKA AG,,,8138,9500,10,49,9155,50,99999,8890,,, - ,,, - ,,
,B 7C,,,MIKA AG,,,5218,7000,10,49,6627,50,99999,6260,,, - ,,, - ,,
,BG 1,,,MIKA AG,,,16657,22000,10,29,19988,30,99999,18260,,, - ,,, - ,,
,KD 2,,,MIKA AG,,,10852,14000,10,39,13022,40,99999,12050,,, - ,,, - ,,
,TM 3,,,MIKA AG,,,9312,11000,10,29,10569,30,99999,10170,,, - ,,, - ,,
,TM 4,,,MIKA AG,,,8063,10000,10,29,9393,30,99999,8850,,, - ,,, - ,,
,Mika brownies L Tekno,,,MIKA BROWNIES TEKNOPLAST,,,1243,1900,300,99999,1728,,, - ,,, - ,,, - ,,
,Mika brownies M Tekno,,,MIKA BROWNIES TEKNOPLAST,,,1099,1450,300,99999,1308,,, - ,,, - ,,, - ,,
,Mika brownies S Tekno,,,MIKA BROWNIES TEKNOPLAST,,,721,1100,300,99999,1000,,, - ,,, - ,,, - ,,
,MKP 22,,,MIKA MKP,,,16000,19000,10,39,18500,40,99999,18000,,, - ,,, - ,,
,"Mika roll 0,10",,,MIKA ROLL,,,311850,405340,,, - ,,, - ,,, - ,,, - ,,
,"Mika roll 0,10 ec",,,MIKA ROLL,,,6300,10000,,, - ,,, - ,,, - ,,, - ,,
,"Mika roll 0,13",,,MIKA ROLL,,,417450,540540,,, - ,,, - ,,, - ,,, - ,,
,"Mika roll 0,13 ec",,,MIKA ROLL,,,8500,13500,,, - ,,, - ,,, - ,,, - ,,
,"Mika roll 0,15",,,MIKA ROLL,,,456500,557813,,, - ,,, - ,,, - ,,, - ,,
,"Mika roll 0,15 ec",,,MIKA ROLL,,,9500,14500,,, - ,,, - ,,, - ,,, - ,,
,"Mika roll 0,15 rigid",,,MIKA ROLL,,,449500,557813,,, - ,,, - ,,, - ,,, - ,,
,"Mika roll 0,15 rigid ec",,,MIKA ROLL,,,9000,14500,,, - ,,, - ,,, - ,,, - ,,
,"Mika roll 0,20",,,MIKA ROLL,,,535500,810095,,, - ,,, - ,,, - ,,, - ,,
,"Mika roll 0,20 ec",,,MIKA ROLL,,,11000,20000,,, - ,,, - ,,, - ,,, - ,,
,"Mika roll 0,20 rigid",,,MIKA ROLL,,,698250,872813,,, - ,,, - ,,, - ,,, - ,,
,"Mika roll 0,20 rigid ec",,,MIKA ROLL,,,14000,22500,,, - ,,, - ,,, - ,,, - ,,
,"Mika roll 0,25 rigid",,,MIKA ROLL,,,747600,1095938,,, - ,,, - ,,, - ,,, - ,,
,"Mika roll 0,25 rigid ec",,,MIKA ROLL,,,15000,25000,,, - ,,, - ,,, - ,,, - ,,
,Mika dos 22,,,MIKA SSY,,,11000,13000,10,29,12700,30,99999,12500,,, - ,,, - ,,
,Mulsa,,,MULSA,,,4113,4900,84,99999,4659,,, - ,,, - ,,, - ,,
,Neklin 20 cm,,,NEKLIN,,,8080,13500,10,29,12500,30,99999,11500,,, - ,,, - ,,
,Neklin 30 cm,,,NEKLIN,,,10100,17500,10,29,16500,30,99999,15500,,, - ,,, - ,,
,Neklin 40 cm,,,NEKLIN,,,13130,20000,10,29,19000,30,99999,18000,,, - ,,, - ,,
,Pp jd 05 18x30 muria,,,OBRAL,,,11500,12400,,, - ,,, - ,,, - ,,, - ,,
,Pp jd 05 18x30 obral @25,,,OBRAL,,,2900,3100,,, - ,,, - ,,, - ,,, - ,,
,Pp jd 05 5 kg muria,,,OBRAL,,,31900,34400,,, - ,,, - ,,, - ,,, - ,,
,Pp jd 05 5 Kg obral @25,,,OBRAL,,,7950,8600,,, - ,,, - ,,, - ,,, - ,,
,Opp brg 20x30x03,,,OPP BERUANG 03,,,8500,11000,10,29,10501,30,49,10361,50,99999,10222,,,9293,,
,Opp brg 20x35x03,,,OPP BERUANG 03,,,9740,12500,10,29,12031,30,49,11871,50,99999,11712,,,10647,,
,Opp brg 20x45x03,,,OPP BERUANG 03,,,11435,13918,,, - ,,, - ,,, - ,,, - ,,
,Opp brg 21x35x03,,,OPP BERUANG 03,,,10230,13000,10,29,12624,30,49,12457,50,99999,12289,,,11172,,
,Opp brg 22x35x03,,,OPP BERUANG 03,,,10710,13500,10,29,13229,30,49,13054,50,99999,12878,,,11708,,
,Opp brg 23x35x03,,,OPP BERUANG 03,,,11200,14500,10,29,13835,30,49,13651,50,99999,13467,,,12243,,
,Opp brg 25x35x03,,,OPP BERUANG 03,,,12010,15500,10,29,14843,30,49,14646,50,99999,14449,,,13136,,
,Opp brg 30x35x03,,,OPP BERUANG 03,,,14410,18500,10,29,17809,30,49,17573,50,99999,17337,,,15761,,
,Opp brg 20x30x04,,,OPP BERUANG 04,,,13180,17000,10,29,16291,30,49,16074,50,99999,15858,,,14417,,
,Opp brg 20x35x04,,,OPP BERUANG 04,,,15160,19500,10,29,18747,30,49,18498,50,99999,18249,,,16590,,
,"Opp brg 25x37,5x04",,,OPP BERUANG 04,,,19900,25500,10,29,24620,30,49,24293,50,99999,23966,,,21788,,
,Opp brg 28x35x04,,,OPP BERUANG 04,,,20920,26000,10,29,24822,30,49,24492,50,99999,24163,,, - ,,
,"Opp brg 28x37,5x04",,,OPP BERUANG 04,,,22290,28500,10,29,27574,30,49,27208,50,99999,26842,,,24402,,
,"Opp brg 30x37,5x04",,,OPP BERUANG 04,,,23880,30500,10,29,29544,30,49,29152,50,99999,28760,,,26145,,
,"Opp brg 35x37,5x04",,,OPP BERUANG 04,,,27860,35500,10,29,34468,30,49,34010,50,99999,33553,,,30503,,
,Opp brg 35x40x04,,,OPP BERUANG 04,,,29570,36000,10,29,35085,30,49,34619,50,99999,34153,,,31049,,
,Opp brg 40x50x04,,,OPP BERUANG 04,,,41600,53000,10,29,51494,30,49,50811,50,99999,50127,,,45570,,
,"Opp jago 14,5x22x03",,,OPP MACAN,,,6220,8500,10,29,8055,30,49,7948,50,99999,7841,,,7218,,
,Opp jago 15x22x03,,,OPP MACAN,,,6430,8500,10,29,8328,30,49,8218,50,99999,8107,,,7073,,
,Opp jago 18x24x03,,,OPP MACAN,,,8400,11200,10,29,10903,30,49,10811,50,99999,10620,,,9240,,
,"Opp jago 9,5x22x03",,,OPP MACAN,,,4120,5500,10,29,5348,30,49,5302,50,99999,5212,,,4532,,
,"Opp mcn 10,5x22x03",,,OPP MACAN,,,4630,6000,10,29,5830,30,49,5752,50,99999,5675,,, - ,,
,Opp mcn 10x10x03,,,OPP MACAN,,,2640,4000,10,29,3557,30,49,3511,50,99999,3466,,,3014,,
,Opp mcn 10x15x03,,,OPP MACAN,,,3430,4500,10,29,4313,30,49,4256,50,99999,4199,,,3817,,
,Opp mcn 10x22x03,,,OPP MACAN,,,4260,6000,10,29,5556,30,49,5482,50,99999,5409,,,4917,,
,Opp mcn 10x50x04,,,OPP MACAN,,,13450,14500,10,29, - ,30,49, - ,50,99999, - ,,, - ,,
,"Opp mcn 11,5x22x03",,,OPP MACAN,,,4900,6500,10,29,6389,30,49,6304,50,99999,6219,,,5654,,
,Opp mcn 11x11x03,,,OPP MACAN,,,3010,4200,10,29,4063,30,49,3959,50,99999,3856,,,3443,,
,Opp mcn 11x22x03,,,OPP MACAN,,,4720,6500,10,29,6116,30,49,6034,50,99999,5953,,,5412,,
,"Opp mcn 12,5x22x03",,,OPP MACAN,,,5360,7500,10,29,6948,30,49,6856,50,99999,6764,,,6149,,
,"Opp mcn 12,5x26x03",,,OPP MACAN,,,6190,8000,10,29,7694,30,49,7592,50,99999,7490,,, - ,,
,Opp mcn 12x17x03,,,OPP MACAN,,,4270,6000,10,29,5531,30,49,5458,50,99999,5385,,,4895,,
,Opp mcn 12x22x03,,,OPP MACAN,,,5150,7000,10,29,6662,30,49,6574,50,99999,6486,,,5896,,
,"Opp mcn 13,5x22x03",,,OPP MACAN,,,5750,8000,10,29,7495,30,49,7396,50,99999,7296,,,6633,,
,"Opp mcn 13,5x35x03",,,OPP MACAN,,,8640,11000,10,29,10785,30,49,10642,50,99999,10499,,, - ,,
,Opp mcn 13x15x03,,,OPP MACAN,,,4090,5500,10,29,5295,30,49,5225,50,99999,5155,,,4686,,
,Opp mcn 13x22x03,,,OPP MACAN,,,5580,7500,10,29,7222,30,49,7126,50,99999,7030,,,6391,,
,"Opp mcn 14,5x22x03",,,OPP MACAN,,,6220,8500,10,29,8055,30,49,7948,50,99999,7841,,,7128,,
,Opp mcn 14x22x03,,,OPP MACAN,,,6000,8000,10,29,7781,30,49,7678,50,99999,7575,,,6886,,
,"Opp mcn 15,5x22x03",,,OPP MACAN,,,6650,9000,10,29,8614,30,49,8500,50,99999,8385,,,7623,,
,Opp mcn 15x15x03,,,OPP MACAN,,,4760,6500,10,29,6153,30,49,6071,50,99999,5990,,,5445,,
,Opp mcn 15x22x03,,,OPP MACAN,,,6430,8500,10,29,8328,30,49,8218,50,99999,8107,,,7370,,
,Opp mcn 15x30x03,,,OPP MACAN,,,8430,11500,10,29,10926,30,49,10781,50,99999,10636,,,9669,,
,Opp mcn 15x35x03,,,OPP MACAN,,,9670,12900,10,29,12552,30,49,12392,50,99999,12233,,,10637,,
,"Opp mcn 16,5x24x03",,,OPP MACAN,,,7620,10000,10,29,9882,30,49,9751,50,99999,9620,,,8107,,
,Opp mcn 16x24x03,,,OPP MACAN,,,7390,10000,10,29,9584,30,49,9456,50,99999,9329,,,8481,,
,"Opp mcn 17,5x24x03",,,OPP MACAN,,,8090,11000,10,29,10478,30,49,10339,50,99999,10200,,,9273,,
,Opp mcn 17x24x03,,,OPP MACAN,,,7860,10500,10,29,10180,30,49,10045,50,99999,9910,,,9009,,
,Opp mcn 17x37x03,,,OPP MACAN,,,11530,15000,10,29,14428,30,49,14236,50,99999,14045,,, - ,,
,"Opp mcn 18,5x24x03",,,OPP MACAN,,,8550,11500,10,29,11075,30,49,10928,50,99999,10781,,,9801,,
,Opp mcn 19x26x03,,,OPP MACAN,,,9410,12500,10,29,12194,30,49,12032,50,99999,11870,,,10791,,
,Opp mcn 6x10x03,,,OPP MACAN,,,1690,2500,10,29,2272,30,49,2214,50,99999, - ,,,1925,,
,Opp mcn 6x15x03,,,OPP MACAN,,,2200,3000,10,29,2735,30,49,2698,50,99999,2662,,, - ,,
,Opp mcn 6x20x03,,,OPP MACAN,,,2640,3500,10,29,3418,30,49,3373,50,99999,3328,,,3025,,
,Opp mcn 7x10x03,,,OPP MACAN,,,1880,3000,10,29,2531,30,49,2467,50,99999, - ,,,2145,,
,Opp mcn 7x15x03,,,OPP MACAN,,,2480,3500,10,29,3219,30,49,3177,50,99999,3134,,,2849,,
,Opp mcn 7x22x03,,,OPP MACAN,,,3200,4500,10,29,4139,30,49,4084,50,99999,4029,,,3663,,
,"Opp mcn 8,5x22x03",,,OPP MACAN,,,3800,5000,10,29,4922,30,49,4857,50,99999,4792,,,4356,,
,Opp mcn 8x10x03,,,OPP MACAN,,,2150,3000,10,29,2895,30,49,2821,50,99999, - ,,,2453,,
,Opp mcn 8x15x03,,,OPP MACAN,,,2750,4000,10,29,3555,30,49,3508,50,99999,3461,,,3146,,
,Opp mcn 8x22x03,,,OPP MACAN,,,3670,5000,10,29,4624,30,49,4563,50,99999,4501,,,4092,,
,Opp mcn 9x10x03,,,OPP MACAN,,,2360,3500,10,29,3206,30,49,3125,50,99999, - ,,,2717,,
,Opp mcn 9x22x03,,,OPP MACAN,,,3930,5500,10,29,5096,30,49,5029,50,99999,4961,,,4510,,
,Opp brg 18x18x04 os,,,OPP ONE SHEET,,,3660,6000,10,29,5606,30,49,5532,50,99999,5457,,,4961,,
,Opp brg 20x20x04 os,,,OPP ONE SHEET,,,4490,7000,10,29,6861,30,49,6770,50,99999,6679,,,6072,,
,Opp brg 22x22x04 os,,,OPP ONE SHEET,,,4600,8500,10,29,8293,30,49,8183,50,99999,8073,,,7339,,
,Opp mcn 7x18x03 os,,,OPP ONE SHEET,,,1790,2500,10,29,2479,30,49,2448,50,99999,2416,,,2101,,
,Opp mcn 8x18x03 os,,,OPP ONE SHEET,,,2040,3000,10,29,2830,30,49,2794,50,99999,2758,,,2398,,
,Opp mcn 9x18x03 os,,,OPP ONE SHEET,,,2300,4000,10,29,3050,30,49,2973,50,99999, - ,,,2585,,
,Opp mcn 6x10x04 taper,,,OPP TAPER MACAN,,,2100,3000,10,29,2722,30,49,2686,50,99999,2650,,, - ,,
,Paper bag kecil,,,PAPER BAG,,,214,400,100,499,375,500,999,349,1000,99999,325,,, - ,,
,Paper bag tanggung,,,PAPER BAG,,,225,500,100,499,450,500,999,420,1000,99999,380,,, - ,,
,Paper bowl 360 ml nesto,,,PAPER BOWL,,,15983,19500,10,19,18700,20,99999,17900,,, - ,,, - ,,
,Paper bowl 500 ml,,,PAPER BOWL,,,16740,23000,10,19,22000,20,99999,21000,,, - ,,, - ,,
,Paper Bowl 500 ml DK (50),,,PAPER BOWL,,,31000,38000,10,19,37200,20,99999,36300,,, - ,,, - ,,
,Paper bowl 500 ml motif,,,PAPER BOWL,,,25000,30000,10,19,28500,20,99999,27500,,, - ,,, - ,,
,Paper bowl 500 ml tekno (badan),,,PAPER BOWL,,,12125,13176,,, - ,,, - ,,, - ,,, - ,,
,Paper Bowl 650 ml DK / NESTO,,,PAPER BOWL,,,19050,28500,10,19,27500,20,99999,26500,,, - ,,, - ,,
,Paper Bowl 650 ml Kraft,,,PAPER BOWL,,,18900,26500,10,19,25700,20,99999,25000,,, - ,,, - ,,
,Paper Bowl 650 ml DK ec,,,PAPER BOWL,,,800,1550,,, - ,,, - ,,, - ,,, - ,,
,Paper bowl 650 ml nesto (badan),,,PAPER BOWL,,,13250,14815,,, - ,,, - ,,, - ,,, - ,,
,Paper Bowl 800 ml DK / NESTO,,,PAPER BOWL,,,19700,29500,10,19,28500,20,99999,27500,,, - ,,, - ,,
,Paper Bowl 800 ml DK ec,,,PAPER BOWL,,,800,1600,,, - ,,, - ,,, - ,,, - ,,
,Paper bowl 800 ml nesto (badan),,,PAPER BOWL,,,14500,15860,,, - ,,, - ,,, - ,,, - ,,
,"Pr cup 6,5 oz pth",,,PAPER CUP,,,8400,14000,10,19,12012,20,99999,11088,,, - ,,, - ,,
,Pr cup 8 oz mtf,,,PAPER CUP,,,9450,17500,10,19,16750,20,99999,16000,,, - ,,, - ,,
,Pr cup 8 oz pth,,,PAPER CUP,,,9200,16500,10,19,15750,20,99999,15000,,, - ,,, - ,,
,Pr cup 8 oz pth nesto,,,PAPER CUP,,,10000,13000,10,19,12000,20,99999, - ,,, - ,,, - ,,
,Paranet 65%,,,PARANET,,,11000,16500,10,99999,15750,,, - ,,, - ,,, - ,,
,"Pe 10 kg 08/0,5 kg",,,PE 10KG 08,,,16125,19500,10,29,18866,30,59,18544,60,99999,18060,,, - ,,
,"Pe 5 kg 08/0,5kg puma",,,PE 5KG 08,,,16125,19500,10,29,18866,30,59,18544,60,99999,18060,,, - ,,
,Pe 1 kg boyo,,,PE BOYO,,,4300,5300,10,29,5019,30,99999,4886,,, - ,,, - ,,
,Pe 1/2 kg boyo,,,PE BOYO,,,4300,5300,10,29,5019,30,99999,4886,,, - ,,, - ,,
,PE 40X60X03 DOFT,,,PE DOFT,,,35000,37000,,, - ,,, - ,,, - ,,, - ,,
,"Pe 2,5x27",,,PE ES PENSIL,,,4630,6500,4,39,5556,40,119,5325,120,99999,5186,,, - ,,
,Pe 1 kg,,,PE PUMA,,,4550,6000,10,29,5413,30,199,5341,200,99999,5269,,, - ,,
,Pe 1/2 kg,,,PE PUMA,,,4550,6000,10,29,5413,30,199,5341,200,99999,5269,,, - ,,
,Pe 1/4 kg,,,PE PUMA,,,4700,6000,10,29,5587,30,199,5513,200,99999,5438,,, - ,,
,Pe 18 x 35,,,PE PUMA,,,4550,6000,10,29,5413,30,199,5341,200,99999,5269,,, - ,,
,Pe 2 kg,,,PE PUMA,,,4550,6000,10,29,5413,30,199,5341,200,99999,5269,,, - ,,
,Pe 3 kg,,,PE PUMA,,,4550,6000,10,29,5413,30,199,5341,200,99999,5269,,, - ,,
,"Pe 4,5 x 16",,,PE PUMA,,,3500,5000,4,39,3990,40,119,3920,120,99999,3850,,, - ,,
,"Pe 4,5 x 17",,,PE PUMA,,,3500,5000,4,39,3990,40,119,3920,120,99999,3850,,, - ,,
,Pe 7 x 20,,,PE PUMA,,,4700,6000,10,29,5587,30,199,5513,200,99999,5438,,, - ,,
,Pe 8x18 (iket),,,PE PUMA,,,4550,6000,10,29,5587,30,199,5513,200,99999,5438,,, - ,,
,Pe 130x04/m,,,PE ROLL ECER/METER,,,3500,7000,,, - ,,, - ,,, - ,,, - ,,
,Pe 100x05x25m,,,PE ROLL POLOS,,,64530,78000,10,14,77000,15,99999,76400,,, - ,,, - ,,
,Pe 100x08x25m,,,PE ROLL POLOS,,,96000,115000,10,99999,110000,,, - ,,, - ,,, - ,,
,Pe 120x08x25m,,,PE ROLL POLOS,,,138214,173000,5,6,170003,7,99999,168621,,, - ,,, - ,,
,Pe 130x04x25m,,,PE ROLL POLOS,,,74423,93000,5,12,91540,13,99999,90796,,, - ,,, - ,,
,Pe 100x03x25m,,,PE ROLL TOMAT,,,40256,50000,10,19,47940,20,99999,46789,,, - ,,, - ,,
,Pe 60x03x25m,,,PE ROLL TOMAT,,,24277,30500,10,19,28970,20,99999,28275,,, - ,,, - ,,
,Pe 80x03x25m,,,PE ROLL TOMAT,,,32560,40500,10,19,38775,20,99999,37844,,, - ,,, - ,,
,Piring 6 inch sparta,,,PIRING PLASTIK SPARTA,,,9375,14000,10,39,12800,40,99999,12200,,, - ,,, - ,,
,Piring 7 inch sparta,,,PIRING PLASTIK SPARTA,,,16350,24000,10,19,22200,20,99999,21200,,, - ,,, - ,,
,Piring 9 inch sparta,,,PIRING PLASTIK SPARTA,,,32000,46000,10,19,43600,20,99999,41800,,, - ,,, - ,,
,Pisau roti universal,,,PISAU ROTI UNIVERSAL,,,14500,16000,,, - ,,, - ,,, - ,,, - ,,
,"Plastik Album 21,5x30x05",,,PLASTIK ALBUM,,,450,700,,, - ,,, - ,,, - ,,, - ,,
,Plastik contong,,,PLASTIK CONTONG,,,2250,4000,10,29,3675,30,99999,3465,,, - ,,, - ,,
,Camar 2 cup bng,,,PLASTIK CUP,,,4368,5500,10,29,5250,30,99,5124,100,99999,5000,,, - ,,
,Pandu 1 cup bng,,,PLASTIK CUP,,,3300,5000,10,29,4746,30,149,4661,150,99999,4577,,,3560,,
,Pandu 1 cup wrn,,,PLASTIK CUP,,,3275,5000,10,29,4543,30,149,4459,150,99999,4375,,,3483,,
,Pandu 2 cup wrn,,,PLASTIK CUP,,,3275,5500,10,29,4879,30,149,4795,150,99999,4711,,, - ,,
,Tic tas 1 cup bening PE,,,PLASTIK CUP,,,4739,6000,10,29,5734,30,179,5592,180,99999,5450,,, - ,,
,Pk 10 x 15,,,PLASTIK KLIP,,,6271,8000,10,29,7212,30,159,7024,160,99999,6961,,, - ,,
,Pk 11 x 17,,,PLASTIK KLIP,,,8361,10500,10,29,9615,30,119,9364,120,99999,9281,,, - ,,
,Pk 11 x 20,,,PLASTIK KLIP,,,11103,13500,10,29,12769,30,124,12435,125,99999,12324,,, - ,,
,Pk 12 x 20,,,PLASTIK KLIP,,,13930,16500,10,29,16020,30,124,15602,125,99999,15462,,, - ,,
,Pk 15 x 25,,,PLASTIK KLIP,,,17349,20500,10,29,19952,30,79,19431,80,99999,19257,,,17522,,
,Pk 20 x 30,,,PLASTIK KLIP,,,34207,40500,10,29,39338,30,44,38312,45,99999,37970,,, - ,,
,Pk 4 x 6,,,PLASTIK KLIP,,,1109,1500,10,29,1275,30,999,1242,1000,99999,1231,,, - ,,
,Pk 5 x 8,,,PLASTIK KLIP,,,1785,2500,10,29,2055,30,479,2001,480,99999,1984,,, - ,,
,Pk 6 x 10,,,PLASTIK KLIP,,,2508,3500,10,29,2884,30,399,2809,400,99999,2784,,, - ,,
,Pk 7 x 10,,,PLASTIK KLIP,,,2975,4000,10,29,3421,30,319,3332,320,99999,3302,,, - ,,
,Pk 8 x 12,,,PLASTIK KLIP,,,4180,5500,10,29,4807,30,239,4682,240,99999,4640,,,4191,,
,"Pk 8,7 x 13",,,PLASTIK KLIP,,,5017,6500,10,29,5770,30,199,5619,200,99999,5569,,,4906,,
,Pk bng 25x35,,,PLASTIK KLIP BENING,,,46584,61000,10,18,58680,19,99999,57660,,,51024,,, - ,,
,Pk bng 30x40,,,PLASTIK KLIP BENING,,,62474,73000,10,13,71198,14,99999,69602,,,61429,,, - ,,
,Pk pe plg 30x40,,,PLASTIK KLIP PLONG,,,108707,119500,10,19,118490,20,99999,117410,,, - ,,, - ,,
,P seal karakter,,,"PLASTIK SEAL 1,2KG",,,42160,60000,5,7,59000,8,11,58000,12,99999,57000,,, - ,,
,P seal polos,,,"PLASTIK SEAL 1,2KG",,,42160,60000,5,7,59000,8,11,58000,12,99999,57000,,, - ,,
,P ultah kecil,,,PLASTIK ULTAH,,,5500,7000,10,99999,6500,,, - ,,, - ,,, - ,,
,P ultah opp tg,,,PLASTIK ULTAH,,,7500,9000,10,99999,8500,,, - ,,, - ,,, - ,,
,P ultah tg,,,PLASTIK ULTAH,,,3400,4500,10,99999,4150,,, - ,,, - ,,, - ,,
,Plastik UV,,,PLASTIK UV,,,20871,25000,10,99,24000,100,99999,23150,,, - ,,, - ,,
,P. Vakum 15X20,,,PLASTIK VAKUM,,,9625,15000,10,29,13900,30,99999,12800,,, - ,,, - ,,
,"P. Vakum 16,5x25",,,PLASTIK VAKUM,,,13975,22500,10,29,21250,30,99999,20400,,, - ,,, - ,,
,P. Vakum 18x28,,,PLASTIK VAKUM,,,16450,27500,10,29,25000,30,99999,24000,,, - ,,, - ,,
,P. Vakum 20X30,,,PLASTIK VAKUM,,,18500,30000,10,29,27500,30,99999,26400,,, - ,,, - ,,
,P. Vakum Embos 18x28,,,PLASTIK VAKUM,,,23250,36500,10,29,34875,30,99999,33480,,, - ,,, - ,,
,HD 80x110x03 hitam id @5 lbr,,,POLYBAG SAMPAH ID @5 LBR,,,12488,16000,,, - ,,, - ,,, - ,,, - ,,
,HD 80x110x03 putih id @5 lbr,,,POLYBAG SAMPAH ID @5 LBR,,,12488,16000,,, - ,,, - ,,, - ,,, - ,,
,PE 100x140x04 hitam id @5 lbr,,,POLYBAG SAMPAH ID @5 LBR,,,24653,30500,,, - ,,, - ,,, - ,,, - ,,
,PE 60x80x03 hitam id @5 lbr,,,POLYBAG SAMPAH ID @5 LBR,,,7077,9500,,, - ,,, - ,,, - ,,, - ,,
,PE 80x94x04 hitam id @5 lbr,,,POLYBAG SAMPAH ID @5 LBR,,,13948,17500,,, - ,,, - ,,, - ,,, - ,,
,100x140x04 Htm (PE),,,POLYBAG SAMPAH/PACK,,,89028,146500,5,9,142854,10,99999,139222,,, - ,,, - ,,
,50x60x02 Htm (HD),,,POLYBAG SAMPAH/PACK,,,21233,29500,10,39,28571,40,99999,27845,,, - ,,, - ,,
,50x60x02 kng (HD),,,POLYBAG SAMPAH/PACK,,,21233,29500,10,39,28571,40,99999,27845,,, - ,,, - ,,
,60x80x03 Htm (PE),,,POLYBAG SAMPAH/PACK,,,48342,63500,10,19,61537,20,99999,59973,,, - ,,, - ,,
,80x110x03 Htm (HD),,,POLYBAG SAMPAH/PACK,,,89028,113000,5,9,109888,10,99999,107094,,, - ,,, - ,,
,80x110x03 Kng (HD),,,POLYBAG SAMPAH/PACK,,,89028,113000,5,9,109888,10,99999,107094,,, - ,,, - ,,
,80x110x03 Pth (HD),,,POLYBAG SAMPAH/PACK,,,89028,113000,5,9,109888,10,99999,107094,,, - ,,, - ,,
,80x94x04 Htm (PE),,,POLYBAG SAMPAH/PACK,,,95360,128500,5,9,125272,10,99999,122087,,, - ,,, - ,,
,80X94X04 Kng (PE),,,POLYBAG SAMPAH/PACK,,,96000,128500,5,9,125272,10,99999,122087,,, - ,,, - ,,
,90X120X04 HD Htm,,,POLYBAG SAMPAH/PACK,,,23200,31500,10,24,30000,25,99999,28200,,, - ,,, - ,,
,Pb tanaman pls 20x20/2ons,,,POLYBAG TANAMAN POLOS,,,5031,7000,10,99999,6500,,, - ,,, - ,,, - ,,
,Pb tanaman pls 25x25/2ons,,,POLYBAG TANAMAN POLOS,,,5031,7000,10,99999,6500,,, - ,,, - ,,, - ,,
,Pb tanaman pls 30x30/2ons,,,POLYBAG TANAMAN POLOS,,,5031,7000,10,99999,6500,,, - ,,, - ,,, - ,,
,Pb tanaman pls 35x35/2 ons,,,POLYBAG TANAMAN POLOS,,,5031,7000,10,99999,6500,,, - ,,, - ,,, - ,,
,Pb tanaman pls 40x40/2 ons,,,POLYBAG TANAMAN POLOS,,,5031,7000,10,99999,6500,,, - ,,, - ,,, - ,,
,Pb tanaman pls 50x50/4ons,,,POLYBAG TANAMAN POLOS,,,10061,14000,10,99999,13000,,, - ,,, - ,,, - ,,
,PB 80x110x035 Biru,,,POLYBAG WARNA,,,17640,26000,10,29,24750,30,99999,24150,,, - ,,, - ,,
,PB 80x110x035 Hijau,,,POLYBAG WARNA,,,17640,26000,10,29,24750,30,99999,24150,,, - ,,, - ,,
,PB 80x110x035 Kuning,,,POLYBAG WARNA,,,17640,26000,10,29,24750,30,99999,24150,,, - ,,, - ,,
,PB 80x110x035 Merah,,,POLYBAG WARNA,,,17640,26000,10,29,24750,30,99999,24150,,, - ,,, - ,,
,PB 80x110x035 Putih,,,POLYBAG WARNA,,,17640,26000,10,29,24750,30,99999,24150,,, - ,,, - ,,
,Polymailer 20x30 H,,,POLYMAILER,,,12440,17500,10,29,16721,30,39,16383,40,99999,16052,,, - ,,
,Polymailer 20x30 P,,,POLYMAILER,,,12440,17500,10,29,16721,30,39,16383,40,99999,16052,,, - ,,
,Polymailer 25x35 H,,,POLYMAILER,,,17750,24500,10,29,23153,30,39,22685,40,99999,22226,,, - ,,
,Polymailer 25x35 P,,,POLYMAILER,,,17750,24500,10,29,23153,30,39,22685,40,99999,22226,,, - ,,
,Polymailer 30x40 H,,,POLYMAILER,,,23645,32500,10,29,31134,30,39,30502,40,99999,29888,,, - ,,
,Polymailer 30x40 P,,,POLYMAILER,,,23645,32500,10,29,31134,30,39,30502,40,99999,29888,,, - ,,
,Polymailer 20x30+5 silver,,,POLYMAILER + 5,,,12976,18500,10,29,17391,30,39,17037,40,99999,16695,,, - ,,
,Polymailer 25x35+5 silver,,,POLYMAILER + 5,,,18522,25500,10,29,24117,30,39,23634,40,99999,23153,,, - ,,
,Polymailer 30x40+5 Silver,,,POLYMAILER + 5,,,24645,34000,10,29,32456,30,39,31792,40,99999,31160,,, - ,,
,Polynet 100 m,,,POLYNET,,,36850,53000,6,9,51500,10,99999,50500,,, - ,,, - ,,
,Polynet ecer,,,POLYNET ECER,,,600,1000,,, - ,,, - ,,, - ,,, - ,,
,Pp boyo merah 1 kg,,,PP BOYO MERAH,,,3341,4000,10,29,3600,30,99,3563,100,99999,3525,,, - ,,
,Pp boyo merah 1 ons,,,PP BOYO MERAH,,,887,1000,10,29,956,30,399,946,400,99999,936,,, - ,,
,Pp boyo merah 1/2 kg,,,PP BOYO MERAH,,,2144,2500,10,29,2310,30,199,2285,200,99999,2261,,, - ,,
,Pp boyo merah 1/4 kg,,,PP BOYO MERAH,,,1418,2000,10,29,1528,30,199,1512,200,99999,1496,,, - ,,
,Pp boyo merah 2 kg,,,PP BOYO MERAH,,,5324,6000,10,29,5756,30,99,5696,100,99999,5636,,, - ,,
,Pp jd 015 1 kg ym,,,PP JD 015,,,2515,3500,10,29,2905,30,299,2867,300,99999,2829,,, - ,,
,Pp jd 015 1 ons im,,,PP JD 015,,,627,1000,10,29,724,30,799,715,800,99999,705,,, - ,,
,Pp jd 015 1/2 kg ym,,,PP JD 015,,,1622,2000,10,29,1873,30,449,1849,450,99999,1825,,, - ,,
,Pp jd 015 1/4 kg ym,,,PP JD 015,,,1023,1500,10,29,1182,30,699,1166,700,99999,1151,,, - ,,
,Pp jd 015 16 x 30 im,,,PP JD 015,,,2757,3500,10,29,3184,30,299,3143,300,99999,3102,,, - ,,
,Pp jd 015 17 x 30 im,,,PP JD 015,,,2969,4000,10,29,3429,30,249,3385,250,99999,3340,,, - ,,
,Pp jd 015 18 x 30 im,,,PP JD 015,,,3105,4000,10,29,3586,30,249,3540,250,99999,3493,,, - ,,
,Pp jd 015 2 kg ym,,,PP JD 015,,,3868,5000,10,29,4468,30,199,4410,200,99999,4352,,, - ,,
,"Pp jd 015 2,5 kg im",,,PP JD 015,,,3957,5000,10,29,4570,30,249,4511,250,99999,4452,,, - ,,
,Pp jd 015 3 kg ym,,,PP JD 015,,,5970,7500,10,29,6895,30,99,6806,100,99999,6716,,, - ,,
,Pp jd 015 2kg kn/80,,,PP JD 015 MERAH&KUNING,,,3337,4000,10,29,3854,30,99999,3754,,, - ,,, - ,,
,Pp jd 015 2kg mr/80,,,PP JD 015 MERAH&KUNING,,,3337,4000,10,29,3854,30,99999,3754,,, - ,,, - ,,
,Pp jd 02 10 kg 02,,,PP JD 02,,,22613,27000,10,29,26118,30,99999,25440,,, - ,,, - ,,
,Pp jd 02 5 kg 02,,,PP JD 02,,,14171,17000,10,29,16368,30,49,16155,50,99999,15942,,, - ,,
,Pp jd 02 7 kg 02,,,PP JD 02,,,18090,21500,10,29,20894,30,39,20623,40,99999,20351,,, - ,,
,Pp jd 03 1 kg,,,PP JD 03,,,5364,6500,10,29,6195,,,6115,,,6035,,, - ,,
,Pp jd 03 1 ons,,,PP JD 03,,,1393,2000,10,29,1609,,,1588,,,1567,,, - ,,
,Pp jd 03 1/2 kg,,,PP JD 03,,,3426,4500,10,29,3957,,,3906,,,3854,,, - ,,
,Pp jd 03 1/2 ons,,,PP JD 03,,,929,1500,10,29,1073,,,1059,,,1045,,, - ,,
,Pp jd 03 1/4 kg,,,PP JD 03,,,2192,3000,10,29,2532,,,2499,,,2466,,, - ,,
,Pp jd 03 10 kg,,,PP JD 03,,,34485,41000,10,29,39830,,,38796,,, - ,,, - ,,
,Pp jd 03 12 x 25,,,PP JD 03,,,4237,5500,10,29,4894,,,4830,,,4767,,, - ,,
,Pp jd 03 13 x 25,,,PP JD 03,,,4568,5500,10,29,5276,,,5208,,,5139,,, - ,,
,Pp jd 03 15 x 30,,,PP JD 03,,,6288,7500,10,29,7263,,,7168,,,7074,,, - ,,
,Pp jd 03 16 x 30,,,PP JD 03,,,6705,8000,10,29,7744,,,7644,,,7543,,, - ,,
,Pp jd 03 17 x 30,,,PP JD 03,,,7122,8500,10,29,8226,,,8119,,,8012,,, - ,,
,Pp jd 03 18 x 30,,,PP JD 03,,,7539,9000,10,29,8708,,,8594,,,8481,,, - ,,
,Pp jd 03 2 kg,,,PP JD 03,,,8865,11000,10,29,10239,,,10106,,,9973,,, - ,,
,"Pp jd 03 2,5 kg",,,PP JD 03,,,10077,12000,10,29,11639,,,11488,,,11337,,, - ,,
,Pp jd 03 3 kg,,,PP JD 03,,,13298,16000,10,29,15359,,,15160,,,14960,,, - ,,
,Pp jd 03 35 x 65,,,PP JD 03,,,32682,39000,10,24,37748,25,99999,36767,,, - ,,, - ,,
,Pp jd 03 35 x 75,,,PP JD 03,,,37706,45000,10,19,43550,20,99999,42419,,, - ,,, - ,,
,Pp jd 03 4 kg,,,PP JD 03,,,16844,20000,10,29,19455,,,19202,,,18950,,, - ,,
,Pp jd 03 5 kg,,,PP JD 03,,,21572,26000,10,29,24916,,,24592,,,24269,,, - ,,
,Pp jd 03 50 x 75,,,PP JD 03,,,53870,64000,10,14,62220,15,99999,60604,,, - ,,, - ,,
,Pp jd 03 6 x 9,,,PP JD 03,,,924,1500,10,29,1067,,,1053,,,1040,,, - ,,
,Pp jd 03 60 x 100,,,PP JD 03,,,49167,58500,10,15,56788,16,99999,55313,,, - ,,, - ,,
,Pp jd 03 60 x 75,,,PP JD 03,,,64715,77000,10,11,74746,12,99999,72804,,, - ,,, - ,,
,Pp jd 03 gb 60 x 100,,,PP JD 03,,,74500,105000,5,14,103289,15,99999,101196,,, - ,,, - ,,
,Pp jd 03 gb 60 x 150,,,PP JD 03,,,122500,173000,5,9,169838,10,99999,166397,,, - ,,, - ,,
,Pp jd 03 1 kg ckp,,,PP JD 03 CKP,,,5220,5400,,, - ,,, - ,,, - ,,, - ,,
,Pp jd 03 2 kg ckp,,,PP JD 03 CKP,,,8000,9300,10,99999,8830,,, - ,,, - ,,, - ,,
,"Pp jd 03 2,5 kg ckp",,,PP JD 03 CKP,,,9850,10800,10,99999,10300,,, - ,,, - ,,, - ,,
,Pp jd 03 60x75/lbr,,,PP JD 03 ECERAN,,,800,1300,,, - ,,, - ,,, - ,,, - ,,
,Pp jd 03 gb 60X100/lbr,,,PP JD 03 ECERAN,,,1500,3000,,, - ,,, - ,,, - ,,, - ,,
,Pp jd 03 gb 60X150/lbr,,,PP JD 03 ECERAN,,,2500,4000,,, - ,,, - ,,, - ,,, - ,,
,Pp jd 05 1 kg,,,PP JD 05,,,9119,11000,10,29,10532,30,74,10396,75,99999,10259,,, - ,,
,Pp jd 05 1 ons,,,PP JD 05,,,2402,3000,10,29,2774,30,349,2738,350,99999,2702,,, - ,,
,Pp jd 05 1/2 kg,,,PP JD 05,,,5920,7500,10,29,6838,30,139,6749,140,99999,6660,,, - ,,
,Pp jd 05 1/2 ons,,,PP JD 05,,,1571,2000,10,29,1815,30,499,1791,500,99999,1767,,, - ,,
,Pp jd 05 1/4 kg,,,PP JD 05,,,3757,4500,10,29,4339,30,199,4283,200,99999,4227,,, - ,,
,Pp jd 05 10 kg,,,PP JD 05,,,28723,34500,10,19,33175,20,99999,32313,,, - ,,, - ,,
,Pp jd 05 12 x 25,,,PP JD 05,,,7302,9000,10,29,8434,30,99,8324,100,99999,8215,,, - ,,
,Pp jd 05 13 x 25,,,PP JD 05,,,7903,9500,10,29,9128,30,99,9009,100,99999,8891,,, - ,,
,Pp jd 05 15 x 30,,,PP JD 05,,,10877,13000,10,29,12563,30,99,12400,100,99999,12237,,, - ,,
,Pp jd 05 16 x 30,,,PP JD 05,,,11592,14000,10,29,13389,30,59,13215,60,99999,13041,,, - ,,
,Pp jd 05 17 x 30,,,PP JD 05,,,12307,15000,10,29,14215,30,59,14030,60,99999,13845,,, - ,,
,Pp jd 05 18 x 30,,,PP JD 05,,,13023,15500,10,29,15042,30,59,14846,60,99999,14651,,, - ,,
,Pp jd 05 2 kg,,,PP JD 05,,,14361,17000,10,29,16587,30,44,16372,45,99999,16156,,, - ,,
,"Pp jd 05 2,5 kg",,,PP JD 05,,,16755,20000,10,29,19352,30,44,19101,45,99999,18849,,, - ,,
,Pp jd 05 3 kg,,,PP JD 05,,,22044,26500,10,29,25461,30,99999,24800,,, - ,,, - ,,
,Pp jd 05 35 x 65,,,PP JD 05,,,27245,32500,10,29,31468,30,44,31059,45,99999,30651,,, - ,,
,Pp jd 05 35 x 75,,,PP JD 05,,,31441,37500,10,24,36314,25,99999,35371,,, - ,,, - ,,
,Pp jd 05 5 kg,,,PP JD 05,,,17966,21500,10,29,20751,30,39,20481,40,99999,20212,,, - ,,
,Pp jd 08 1 kg,,,PP JD 08,,,14602,17500,10,29,16865,30,39,16646,40,99999,16427,,, - ,,
,Pp jd 08 1/2 kg,,,PP JD 08,,,9466,11500,10,29,10933,30,79,10791,80,99999,10649,,, - ,,
,Pp jd 08 16 x 30,,,PP JD 08,,,18774,22500,10,29,21684,30,39,21402,40,99999,21121,,, - ,,
,Pp jd 08 17 x 30,,,PP JD 08,,,19966,24000,10,29,23061,30,39,22761,40,99999,22462,,, - ,,
,Pp jd 08 18 x 30,,,PP JD 08,,,20860,25000,10,29,24093,30,99999,23468,,, - ,,, - ,,
,Pp jd 08 2 kg,,,PP JD 08,,,23049,27500,10,24,26622,25,99999,25930,,, - ,,, - ,,
,"Pp jd 08 2,5 kg",,,PP JD 08,,,26891,33400,10,24,32531,25,99999,31686,,, - ,,, - ,,
,Pp jd 08 3 kg,,,PP JD 08,,,35253,42000,10,19,40717,20,99999,39660,,, - ,,, - ,,
,Pp psn 18x50x015,,,PP PESANAN 015,,,3075,3615,,, - ,,, - ,,, - ,,, - ,,
,Pp psn 40x35x02,,,PP PESANAN 02,,,3150,3615,100,299,3525,300,99999,3430,,, - ,,, - ,,
,Pp psn 10x24x03,,,PP PESANAN 03,,,3090,3640,100,299,3535,300,99999,3435,,, - ,,, - ,,
,Pp psn 10x28x03,,,PP PESANAN 03,,,3090,3640,100,299,3535,300,99999,3435,,, - ,,, - ,,
,Pp psn 11x100x03,,,PP PESANAN 03,,,3440,4030,100,299,3961,300,99999, - ,,, - ,,, - ,,
,Pp psn 11x19x03,,,PP PESANAN 03,,,3065,3615,100,299,3510,300,99999,3405,,, - ,,, - ,,
,Pp psn 11x23x03,,,PP PESANAN 03,,,3065,3615,100,299,3510,300,99999,3405,,, - ,,, - ,,
,Pp psn 11x24x03,,,PP PESANAN 03,,,3065,3615,100,299,3510,300,99999,3405,,, - ,,, - ,,
,Pp psn 11x25x03,,,PP PESANAN 03,,,3065,3615,100,299,3510,300,99999,3405,,, - ,,, - ,,
,Pp psn 11x26x03,,,PP PESANAN 03,,,3065,3615,100,299,3510,300,99999,3405,,, - ,,, - ,,
,Pp psn 11x29x03,,,PP PESANAN 03,,,3065,3615,100,299,3510,300,99999,3405,,, - ,,, - ,,
,Pp psn 12x12x03,,,PP PESANAN 03,,,3065,3615,100,299,3510,300,99999,3405,,, - ,,, - ,,
,Pp psn 12x15x03,,,PP PESANAN 03,,,3065,3615,100,299,3510,300,99999,3405,,, - ,,, - ,,
,Pp psn 12x22x03,,,PP PESANAN 03,,,3065,3615,100,299,3510,300,99999,3405,,, - ,,, - ,,
,Pp psn 12x23x03,,,PP PESANAN 03,,,3065,3615,100,299,3510,300,99999,3405,,, - ,,, - ,,
,Pp psn 12x25x03,,,PP PESANAN 03,,,3065,3615,100,299,3510,300,99999,3405,,, - ,,, - ,,
,Pp psn 12x30x03,,,PP PESANAN 03,,,3065,3615,100,299,3510,300,99999,3405,,, - ,,, - ,,
,Pp psn 13x17x03,,,PP PESANAN 03,,,3065,3615,100,299,3510,300,99999,3405,,, - ,,, - ,,
,Pp psn 13x22x03,,,PP PESANAN 03,,,3065,3615,100,299,3510,300,99999,3405,,, - ,,, - ,,
,Pp psn 13x24x03,,,PP PESANAN 03,,,3065,3615,100,299,3510,300,99999,3405,,, - ,,, - ,,
,Pp psn 13x29x03,,,PP PESANAN 03,,,3065,3615,100,299,3510,300,99999,3405,,, - ,,, - ,,
,Pp psn 13x30x03,,,PP PESANAN 03,,,3065,3615,100,299,3510,300,99999,3405,,, - ,,, - ,,
,Pp psn 13x33x03,,,PP PESANAN 03,,,3065,3615,100,299,3510,300,99999,3405,,, - ,,, - ,,
,Pp psn 13x35x03,,,PP PESANAN 03,,,3065,3615,100,299,3510,300,99999,3405,,, - ,,, - ,,
,Pp psn 13x43x03,,,PP PESANAN 03,,,3065,3615,100,299,3510,300,99999,3405,,, - ,,, - ,,
,Pp psn 14x24x03,,,PP PESANAN 03,,,3040,3585,100,299,3480,300,99999,3375,,, - ,,, - ,,
,Pp psn 14x30x03,,,PP PESANAN 03,,,3040,3585,100,299,3480,300,99999,3375,,, - ,,, - ,,
,Pp psn 14x40x03,,,PP PESANAN 03,,,3040,3585,100,299,3480,300,99999,3375,,, - ,,, - ,,
,Pp psn 15x19x03,,,PP PESANAN 03,,,3040,3585,100,299,3480,300,99999,3375,,, - ,,, - ,,
,Pp psn 15x20x03,,,PP PESANAN 03,,,3040,3585,100,299,3480,300,99999,3375,,, - ,,, - ,,
,Pp psn 15x47x03,,,PP PESANAN 03,,,3040,3585,100,299,3480,300,99999,3375,,, - ,,, - ,,
,Pp psn 15x70x03,,,PP PESANAN 03,,,3040,3615,100,299,3510,300,99999,3405,,, - ,,, - ,,
,Pp psn 17x24x03,,,PP PESANAN 03,,,3040,3585,100,299,3480,300,99999,3375,,, - ,,, - ,,
,Pp psn 17x45x03,,,PP PESANAN 03,,,3040,3585,100,299,3480,300,99999,3375,,, - ,,, - ,,
,Pp psn 23x24x03,,,PP PESANAN 03,,,3015,3555,100,299,3455,300,99999,3350,,, - ,,, - ,,
,Pp psn 23x30x03,,,PP PESANAN 03,,,3015,3555,100,299,3455,300,99999,3350,,, - ,,, - ,,
,Pp psn 25x65x03,,,PP PESANAN 03,,,3015,3555,100,299,3455,300,99999,3350,,, - ,,, - ,,
,Pp psn 26x27x03,,,PP PESANAN 03,,,3015,3555,100,299,3455,300,99999,3350,,, - ,,, - ,,
,Pp psn 26x35x03,,,PP PESANAN 03,,,3015,3555,100,299,3455,300,99999,3350,,, - ,,, - ,,
,Pp psn 30x30x03,,,PP PESANAN 03,,,3015,3555,100,299,3455,300,99999,3350,,, - ,,, - ,,
,Pp psn 30x31x03,,,PP PESANAN 03,,,3015,3555,100,299,3455,300,99999,3350,,, - ,,, - ,,
,Pp psn 35x50x03,,,PP PESANAN 03,,,3015,3555,100,299,3455,300,99999,3350,,, - ,,, - ,,
,Pp psn 35x90x03,,,PP PESANAN 03,,,3015,3555,100,299,3455,300,99999,3350,,, - ,,, - ,,
,Pp psn 35x95x03,,,PP PESANAN 03,,,3015,3585,100,299,3480,300,99999,3375,,, - ,,, - ,,
,Pp psn 40x110x03,,,PP PESANAN 03,,,3715,4340,100,299,4235,300,99999,4135,,, - ,,, - ,,
,Pp psn 45x40x03,,,PP PESANAN 03,,,3015,3555,100,299,3455,300,99999,3350,,, - ,,, - ,,
,Pp psn 45x70x03,,,PP PESANAN 03,,,3015,3585,100,299,3480,300,99999,3375,,, - ,,, - ,,
,Pp psn 50x80x03,,,PP PESANAN 03,,,3015,3555,100,299,3455,300,99999,3350,,, - ,,, - ,,
,Pp psn 5x7x03,,,PP PESANAN 03,,,5165,5960,100,299,5860,300,99999,5755,,, - ,,, - ,,
,Pp psn 6x9x03,,,PP PESANAN 03,,,3295,3870,100,299,3765,300,99999,3660,,, - ,,, - ,,
,Pp psn 60x135x03,,,PP PESANAN 03,,,3715,4350,100,299,4245,300,99999,4245,,, - ,,, - ,,
,Pp psn 8x16x03,,,PP PESANAN 03,,,3155,3715,100,299,3610,300,99999,3505,,, - ,,, - ,,
,Pp psn 8x22x03,,,PP PESANAN 03,,,3155,3715,100,299,3610,300,99999,3505,,, - ,,, - ,,
,Pp psn 8x30x03,,,PP PESANAN 03,,,3155,3715,100,299,3610,300,99999,3505,,, - ,,, - ,,
,Pp psn 9x11x03,,,PP PESANAN 03,,,3105,3660,100,299,3555,300,99999,3450,,, - ,,, - ,,
,Pp psn 9x21x03,,,PP PESANAN 03,,,3105,3660,100,299,3555,300,99999,3450,,, - ,,, - ,,
,Pp psn 9x30x03,,,PP PESANAN 03,,,3105,3660,100,299,3555,300,99999,3450,,, - ,,, - ,,
,Pp psn 10x12x05,,,PP PESANAN 05,,,3090,3640,100,299,3535,300,99999,3435,,, - ,,, - ,,
,Pp psn 10x15x05,,,PP PESANAN 05,,,3090,3640,100,299,3535,300,99999,3435,,, - ,,, - ,,
,Pp psn 10x20x05,,,PP PESANAN 05,,,3090,3640,100,299,3535,300,99999,3435,,, - ,,, - ,,
,Pp psn 10x25x05,,,PP PESANAN 05,,,3090,3640,100,299,3535,300,99999,3435,,, - ,,, - ,,
,Pp psn 10x40x05,,,PP PESANAN 05,,,3090,3640,100,299,3535,300,99999,3435,,, - ,,, - ,,
,Pp psn 11x16x05,,,PP PESANAN 05,,,3065,3615,100,299,3510,300,99999,3405,,, - ,,, - ,,
,Pp psn 11x32x05,,,PP PESANAN 05,,,3065,3615,100,299,3510,300,99999,3405,,, - ,,, - ,,
,Pp psn 12x15x05,,,PP PESANAN 05,,,3065,3615,100,299,3510,300,99999,3405,,, - ,,, - ,,
,Pp psn 12x20x05,,,PP PESANAN 05,,,3065,3615,100,299,3510,300,99999,3405,,, - ,,, - ,,
,Pp psn 12x30x05,,,PP PESANAN 05,,,3065,3615,100,299,3510,300,99999,3405,,, - ,,, - ,,
,Pp psn 13x16x05,,,PP PESANAN 05,,,3065,3615,100,299,3510,300,99999,3405,,, - ,,, - ,,
,Pp psn 13x42x05,,,PP PESANAN 05,,,3065,3615,100,299,3510,300,99999,3405,,, - ,,, - ,,
,Pp psn 14x16x05,,,PP PESANAN 05,,,3040,3585,100,299,3480,300,99999,3375,,, - ,,, - ,,
,Pp psn 14x18x05,,,PP PESANAN 05,,,3040,3585,100,299,3480,300,99999,3375,,, - ,,, - ,,
,Pp psn 14x20x05,,,PP PESANAN 05,,,3040,3585,100,299,3480,300,99999,3375,,, - ,,, - ,,
,Pp psn 14x24x05,,,PP PESANAN 05,,,3040,3585,100,299,3480,300,99999,3375,,, - ,,, - ,,
,Pp psn 14x40x05,,,PP PESANAN 05,,,3040,3585,100,299,3480,300,99999,3375,,, - ,,, - ,,
,Pp psn 15x15x05,,,PP PESANAN 05,,,3040,3585,100,299,3480,300,99999,3375,,, - ,,, - ,,
,Pp psn 15x31x05,,,PP PESANAN 05,,,3040,3585,100,299,3480,300,99999,3375,,, - ,,, - ,,
,Pp psn 15x48x05,,,PP PESANAN 05,,,3040,3585,100,299,3480,300,99999,3375,,, - ,,, - ,,
,Pp psn 16x39x05,,,PP PESANAN 05,,,3040,3585,100,299,3480,300,99999,3375,,, - ,,, - ,,
,Pp psn 20x50x05,,,PP PESANAN 05,,,3015,3560,100,299,3455,300,99999,3350,,, - ,,, - ,,
,Pp psn 20x55x05,,,PP PESANAN 05,,,3015,3560,100,299,3455,300,99999,3350,,, - ,,, - ,,
,Pp psn 20x60x05,,,PP PESANAN 05,,,3015,3560,100,299,3455,300,99999,3350,,, - ,,, - ,,
,Pp psn 22x65x05,,,PP PESANAN 05,,,3015,3560,100,299,3455,300,99999,3350,,, - ,,, - ,,
,Pp psn 25x65x05,,,PP PESANAN 05,,,3015,3560,100,299,3455,300,99999,3350,,, - ,,, - ,,
,Pp psn 29x85x05,,,PP PESANAN 05,,,3015,3560,100,299,3455,300,99999,3350,,, - ,,, - ,,
,Pp psn 40x120x05,,,PP PESANAN 05,,,3715,4315,100,99999,4240,,, - ,,, - ,,, - ,,
,Pp psn 50x75x05,,,PP PESANAN 05,,,3015,3560,100,299,3455,300,99999,3350,,, - ,,, - ,,
,Pp psn 60x100x05,,,PP PESANAN 05,,,3715,4350,100,299,4245,300,99999,4145,,, - ,,, - ,,
,Pp psn 7x12x05,,,PP PESANAN 05,,,3140,3700,100,299,3595,300,99999,3490,,, - ,,, - ,,
,Pp psn 7x20x05,,,PP PESANAN 05,,,3140,3700,100,299,3595,300,99999,3490,,, - ,,, - ,,
,Pp psn 8x13x05,,,PP PESANAN 05,,,3140,3700,100,299,3595,300,99999,3490,,, - ,,, - ,,
,Pp psn 9x10x05,,,PP PESANAN 05,,,3090,3640,100,299,3535,300,99999,3435,,, - ,,, - ,,
,Pp psn 9x14x05,,,PP PESANAN 05,,,3090,3640,100,299,3535,300,99999,3435,,, - ,,, - ,,
,Pp psn 10x11x08,,,PP PESANAN 08,,,3090,3640,100,299,3535,300,99999,3435,,, - ,,, - ,,
,Pp psn 10x14x08,,,PP PESANAN 08,,,3090,3640,100,299,3535,300,99999,3435,,, - ,,, - ,,
,Pp psn 10x16x08,,,PP PESANAN 08,,,3090,3640,100,299,3535,300,99999,3435,,, - ,,, - ,,
,Pp psn 10x17x08,,,PP PESANAN 08,,,3090,3640,100,299,3535,300,99999,3435,,, - ,,, - ,,
,Pp psn 10x20x08 tpl,,,PP PESANAN 08,,,3090,3640,100,299,3535,300,99999,3435,,, - ,,, - ,,
,"Pp psn 11x17,5x08",,,PP PESANAN 08,,,3065,3615,100,299,3510,300,99999,3405,,, - ,,, - ,,
,Pp psn 11x25x08,,,PP PESANAN 08,,,3065,3615,100,299,3510,300,99999,3405,,, - ,,, - ,,
,Pp psn 12x17x08 tpl,,,PP PESANAN 08,,,3065,3615,100,299,3510,300,99999,3405,,, - ,,, - ,,
,Pp psn 12x18x08,,,PP PESANAN 08,,,3065,3615,100,299,3510,300,99999,3405,,, - ,,, - ,,
,Pp psn 12x18x08 tpl,,,PP PESANAN 08,,,3065,3615,100,299,3510,300,99999,3405,,, - ,,, - ,,
,Pp psn 14x18x08,,,PP PESANAN 08,,,3040,3585,100,299,3480,300,99999,3375,,, - ,,, - ,,
,Pp psn 14x20x08,,,PP PESANAN 08,,,3040,3585,100,299,3480,300,99999,3375,,, - ,,, - ,,
,Pp psn 14x20x08 tpl,,,PP PESANAN 08,,,3040,3585,100,299,3480,300,99999,3375,,, - ,,, - ,,
,Pp psn 14x21x08,,,PP PESANAN 08,,,3040,3585,100,299,3480,300,99999,3375,,, - ,,, - ,,
,Pp psn 14x21x08 tpl,,,PP PESANAN 08,,,3040,3585,100,299,3480,300,99999,3375,,, - ,,, - ,,
,Pp psn 14x22x08,,,PP PESANAN 08,,,3040,3585,100,299,3480,300,99999,3375,,, - ,,, - ,,
,Pp psn 14x23x08,,,PP PESANAN 08,,,3040,3585,100,299,3480,300,99999,3375,,, - ,,, - ,,
,Pp psn 14x26x08,,,PP PESANAN 08,,,3040,3585,100,299,3480,300,99999,3375,,, - ,,, - ,,
,Pp psn 15x25x08,,,PP PESANAN 08,,,3040,3585,100,299,3480,300,99999,3375,,, - ,,, - ,,
,Pp psn 16x20x08,,,PP PESANAN 08,,,3040,3585,100,299,3480,300,99999,3375,,, - ,,, - ,,
,Pp psn 16x38x08,,,PP PESANAN 08,,,3040,3585,100,299,3480,300,99999,3375,,, - ,,, - ,,
,Pp psn 17x20x08,,,PP PESANAN 08,,,3040,3585,100,299,3480,300,99999,3375,,, - ,,, - ,,
,Pp psn 17x21x08,,,PP PESANAN 08,,,3040,3585,100,299,3480,300,99999,3375,,, - ,,, - ,,
,Pp psn 17x22x08,,,PP PESANAN 08,,,3040,3585,100,299,3480,300,99999,3375,,, - ,,, - ,,
,Pp psn 17x25x08,,,PP PESANAN 08,,,3040,3585,100,299,3480,300,99999,3375,,, - ,,, - ,,
,Pp psn 17x26x08,,,PP PESANAN 08,,,3040,3585,100,299,3480,300,99999,3375,,, - ,,, - ,,
,Pp psn 17x35x08,,,PP PESANAN 08,,,3040,3585,100,299,3480,300,99999,3375,,, - ,,, - ,,
,Pp psn 17x40x08,,,PP PESANAN 08,,,3040,3585,100,299,3480,300,99999,3375,,, - ,,, - ,,
,"Pp psn 18x23,5x08",,,PP PESANAN 08,,,3040,3585,100,299,3480,300,99999,3375,,, - ,,, - ,,
,Pp psn 20x19x08,,,PP PESANAN 08,,,3015,3560,100,299,3455,300,99999,3350,,, - ,,, - ,,
,Pp psn 20x25x08,,,PP PESANAN 08,,,3015,3560,100,299,3455,300,99999,3350,,, - ,,, - ,,
,Pp psn 20x30x08,,,PP PESANAN 08,,,3015,3560,100,299,3455,300,99999,3350,,, - ,,, - ,,
,Pp psn 20x35x08,,,PP PESANAN 08,,,3015,3560,100,299,3455,300,99999,3350,,, - ,,, - ,,
,Pp psn 20x60x08,,,PP PESANAN 08,,,3015,3560,100,299,3455,300,99999,3350,,, - ,,, - ,,
,Pp psn 20x70x08,,,PP PESANAN 08,,,3015,3560,100,299,3455,300,99999,3350,,, - ,,, - ,,
,Pp psn 25x15x08,,,PP PESANAN 08,,,3015,3560,100,299,3455,300,99999,3350,,, - ,,, - ,,
,Pp psn 25x35x08,,,PP PESANAN 08,,,3015,3560,100,299,3455,300,99999,3350,,, - ,,, - ,,
,Pp psn 30x35x08,,,PP PESANAN 08,,,3015,3560,100,299,3455,300,99999,3350,,, - ,,, - ,,
,Pp psn 30x39x08,,,PP PESANAN 08,,,3015,3560,100,299,3455,300,99999,3350,,, - ,,, - ,,
,Pp psn 30x50x08,,,PP PESANAN 08,,,3015,3560,100,299,3455,300,99999,3350,,, - ,,, - ,,
,Pp psn 30x60x08,,,PP PESANAN 08,,,3015,3560,100,299,3455,300,99999,3350,,, - ,,, - ,,
,Pp psn 35x60x08,,,PP PESANAN 08,,,3015,3560,100,299,3455,300,99999,3350,,, - ,,, - ,,
,Pp psn 35x65x08,,,PP PESANAN 08,,,3015,3560,100,299,3455,300,99999,3350,,, - ,,, - ,,
,Pp psn 11x13x015 LT,,,PP PSN LAS TENGAH,,,3525,4106,100,299,4008,300,99999,3898,,, - ,,, - ,,
,Pp psn 20x15x03 LT,,,PP PSN LAS TENGAH,,,3465,4075,100,299,3975,300,99999,3870,,, - ,,, - ,,
,Pp psn 30x46x03 LT,,,PP PESANAN LAS TENGAH,,,3465,4105,100,299,4000,300,99999,3900,,, - ,,, - ,,
,Pp psn 35x47x05 las tengah buntet,,,PP PSN LAS TENGAH,,,3515,4135,100,299,4030,300,99999,3925,,, - ,,, - ,,
,Pp psn 45x34x05 LT,,,PP PSN LAS TENGAH,,,3465,4106,100,299,4008,300,99999,3898,,, - ,,, - ,,
,Pp roll 10x015,,,PP ROLL 015,,,2860,3390,100,249,3305,250,99999,3220,,, - ,,, - ,,
,Pp roll 11x015,,,PP ROLL 015,,,2860,3390,100,249,3305,250,99999,3220,,, - ,,, - ,,
,Pp roll 12x015,,,PP ROLL 015,,,2860,3390,100,249,3305,250,99999,3220,,, - ,,, - ,,
,Pp roll 13x015,,,PP ROLL 015,,,2860,3390,100,249,3305,250,99999,3220,,, - ,,, - ,,
,Pp roll 14x015,,,PP ROLL 015,,,2845,3370,100,249,3285,250,99999,3200,,, - ,,, - ,,
,Pp roll 15x015,,,PP ROLL 015,,,2845,3370,100,249,3285,250,99999,3200,,, - ,,, - ,,
,Pp roll 16x015,,,PP ROLL 015,,,2845,3370,100,249,3285,250,99999,3200,,, - ,,, - ,,
,Pp roll 17x015,,,PP ROLL 015,,,2845,3370,100,249,3285,250,99999,3200,,, - ,,, - ,,
,Pp roll 18x015,,,PP ROLL 015,,,2830,3355,100,249,3270,250,99999,3185,,, - ,,, - ,,
,Pp roll 20x015,,,PP ROLL 015,,,2830,3355,100,249,3270,250,99999,3185,,, - ,,, - ,,
,Pp roll 23x015,,,PP ROLL 015,,,2830,3355,100,249,3270,250,99999,3185,,, - ,,, - ,,
,Pp roll 7x015,,,PP ROLL 015,,,2980,3530,100,249,3440,250,99999,3355,,, - ,,, - ,,
,Pp roll 8x015,,,PP ROLL 015,,,2875,3405,100,249,3320,250,99999,3235,,, - ,,, - ,,
,Pp roll 9x015,,,PP ROLL 015,,,2875,3405,100,249,3320,250,99999,3235,,, - ,,, - ,,
,Pp roll 10x02,,,PP ROLL 02,,,2860,3390,100,249,3305,250,99999,3220,,, - ,,, - ,,
,Pp roll 13x02,,,PP ROLL 02,,,2860,3390,100,249,3305,250,99999,3220,,, - ,,, - ,,
,Pp roll 18x02,,,PP ROLL 02,,,2830,3355,100,249,3270,250,99999,3185,,, - ,,, - ,,
,Pp roll 30x02,,,PP ROLL 02,,,2830,3355,100,249,3270,250,99999,3185,,, - ,,, - ,,
,Pp roll 35x02,,,PP ROLL 02,,,2830,3355,100,249,3270,250,99999,3185,,, - ,,, - ,,
,Pp roll 40x02,,,PP ROLL 02,,,2830,3355,100,249,3270,250,99999,3185,,, - ,,, - ,,
,Pp roll 8x02,,,PP ROLL 02,,,2875,3405,100,249,3320,250,99999,3235,,, - ,,, - ,,
,Pp roll 9x02,,,PP ROLL 02,,,2860,3390,100,249,3305,250,99999,3220,,, - ,,, - ,,
,Pp roll 10x03,,,PP ROLL 03,,,2830,3355,100,249,3270,250,99999,3185,,, - ,,, - ,,
,Pp roll 11x03,,,PP ROLL 03,,,2830,3355,100,249,3270,250,99999,3185,,, - ,,, - ,,
,Pp roll 12x03,,,PP ROLL 03,,,2830,3355,100,249,3270,250,99999,3185,,, - ,,, - ,,
,Pp roll 13x03,,,PP ROLL 03,,,2830,3355,100,249,3270,250,99999,3185,,, - ,,, - ,,
,Pp roll 14x03,,,PP ROLL 03,,,2830,3355,100,249,3270,250,99999,3185,,, - ,,, - ,,
,Pp roll 15x03,,,PP ROLL 03,,,2830,3355,100,249,3270,250,99999,3185,,, - ,,, - ,,
,Pp roll 16x03,,,PP ROLL 03,,,2830,3355,100,249,3270,250,99999,3185,,, - ,,, - ,,
,Pp roll 17x03,,,PP ROLL 03,,,2830,3355,100,249,3270,250,99999,3185,,, - ,,, - ,,
,Pp roll 18x03,,,PP ROLL 03,,,2830,3355,100,249,3270,250,99999,3185,,, - ,,, - ,,
,Pp roll 20x03,,,PP ROLL 03,,,2830,3355,100,249,3270,250,99999,3185,,, - ,,, - ,,
,Pp roll 22x03,,,PP ROLL 03,,,2830,3355,100,249,3270,250,99999,3185,,, - ,,, - ,,
,Pp roll 23x03,,,PP ROLL 03,,,2830,3355,100,249,3270,250,99999,3185,,, - ,,, - ,,
,Pp roll 25x03,,,PP ROLL 03,,,2830,3355,100,249,3270,250,99999,3185,,, - ,,, - ,,
,Pp roll 26x03,,,PP ROLL 03,,,2830,3355,100,249,3270,250,99999,3185,,, - ,,, - ,,
,Pp roll 28x03,,,PP ROLL 03,,,2830,3355,100,249,3270,250,99999,3185,,, - ,,, - ,,
,Pp roll 30x03,,,PP ROLL 03,,,2830,3355,100,249,3270,250,99999,3185,,, - ,,, - ,,
,Pp roll 35x03,,,PP ROLL 03,,,2830,3355,100,249,3270,250,99999,3185,,, - ,,, - ,,
,Pp roll 40x03,,,PP ROLL 03,,,2830,3355,100,249,3270,250,99999,3185,,, - ,,, - ,,
,Pp roll 45x03,,,PP ROLL 03,,,2830,3355,100,249,3270,250,99999,3185,,, - ,,, - ,,
,Pp roll 50x03,,,PP ROLL 03,,,2830,3355,100,249,3270,250,99999,3185,,, - ,,, - ,,
,Pp roll 5x03,,,PP ROLL 03,,,2880,3415,100,249,3325,250,99999,3240,,, - ,,, - ,,
,Pp roll 60x03,,,PP ROLL 03,,,2840,3365,100,249,3280,250,99999,3195,,, - ,,, - ,,
,Pp roll 6x03,,,PP ROLL 03,,,2860,3390,100,249,3305,250,99999,3220,,, - ,,, - ,,
,Pp roll 7x03,,,PP ROLL 03,,,2845,3370,100,249,3285,250,99999,3200,,, - ,,, - ,,
,Pp roll 8x03,,,PP ROLL 03,,,2845,3370,100,249,3285,250,99999,3200,,, - ,,, - ,,
,Pp roll 9x03,,,PP ROLL 03,,,2845,3370,100,249,3285,250,99999,3200,,, - ,,, - ,,
,Pp roll 25x04,,,PP ROLL 04,,,2830,3355,100,249,3270,250,99999,3185,,, - ,,, - ,,
,Pp roll 10x05,,,PP ROLL 05,,,2830,3355,100,249,3270,250,99999,3185,,, - ,,, - ,,
,Pp roll 11x05,,,PP ROLL 05,,,2830,3355,100,249,3270,250,99999,3185,,, - ,,, - ,,
,Pp roll 12x05,,,PP ROLL 05,,,2830,3355,100,249,3270,250,99999,3185,,, - ,,, - ,,
,Pp roll 13x05,,,PP ROLL 05,,,2830,3355,100,249,3270,250,99999,3185,,, - ,,, - ,,
,Pp roll 14x05,,,PP ROLL 05,,,2830,3355,100,249,3270,250,99999,3185,,, - ,,, - ,,
,Pp roll 15x05,,,PP ROLL 05,,,2830,3355,100,249,3270,250,99999,3185,,, - ,,, - ,,
,Pp roll 16x05,,,PP ROLL 05,,,2830,3355,100,249,3270,250,99999,3185,,, - ,,, - ,,
,Pp roll 17x05,,,PP ROLL 05,,,2830,3355,100,249,3270,250,99999,3185,,, - ,,, - ,,
,Pp roll 18x05,,,PP ROLL 05,,,2830,3355,100,249,3270,250,99999,3185,,, - ,,, - ,,
,Pp roll 20x05,,,PP ROLL 05,,,2830,3355,100,249,3270,250,99999,3185,,, - ,,, - ,,
,Pp roll 22x05,,,PP ROLL 05,,,2830,3355,100,249,3270,250,99999,3185,,, - ,,, - ,,
,Pp roll 23x05,,,PP ROLL 05,,,2830,3355,100,249,3270,250,99999,3185,,, - ,,, - ,,
,Pp roll 25x05,,,PP ROLL 05,,,2830,3355,100,249,3270,250,99999,3185,,, - ,,, - ,,
,Pp roll 26x05,,,PP ROLL 05,,,2830,3355,100,249,3270,250,99999,3185,,, - ,,, - ,,
,Pp roll 28x05,,,PP ROLL 05,,,2830,3355,100,249,3270,250,99999,3185,,, - ,,, - ,,
,Pp roll 30x05,,,PP ROLL 05,,,2830,3355,100,249,3270,250,99999,3185,,, - ,,, - ,,
,Pp roll 35x05,,,PP ROLL 05,,,2830,3355,100,249,3270,250,99999,3185,,, - ,,, - ,,
,Pp roll 40x05,,,PP ROLL 05,,,2830,3355,100,249,3270,250,99999,3185,,, - ,,, - ,,
,Pp roll 45x05,,,PP ROLL 05,,,2830,3355,100,249,3270,250,99999,3185,,, - ,,, - ,,
,Pp roll 50x05,,,PP ROLL 05,,,2830,3355,100,249,3270,250,99999,3185,,, - ,,, - ,,
,Pp roll 60x05,,,PP ROLL 05,,,2840,3365,100,249,3280,250,99999,3195,,, - ,,, - ,,
,Pp roll 6x05,,,PP ROLL 05,,,2830,3355,100,249,3270,250,99999,3185,,, - ,,, - ,,
,Pp roll 7x05,,,PP ROLL 05,,,2830,3355,100,249,3270,250,99999,3185,,, - ,,, - ,,
,Pp roll 8x05,,,PP ROLL 05,,,2830,3355,100,249,3270,250,99999,3185,,, - ,,, - ,,
,Pp roll 9x05,,,PP ROLL 05,,,2830,3355,100,249,3270,250,99999,3185,,, - ,,, - ,,
,Pp roll 27x07,,,PP ROLL 07,,,2830,3355,100,249,3270,250,99999,3185,,, - ,,, - ,,
,Pp roll 10x08,,,PP ROLL 08,,,2830,3355,100,249,3270,250,99999,3185,,, - ,,, - ,,
,Pp roll 11x08,,,PP ROLL 08,,,2830,3355,100,249,3270,250,99999,3185,,, - ,,, - ,,
,Pp roll 12x08,,,PP ROLL 08,,,2830,3355,100,249,3270,250,99999,3185,,, - ,,, - ,,
,Pp roll 13x08,,,PP ROLL 08,,,2830,3355,100,249,3270,250,99999,3185,,, - ,,, - ,,
,Pp roll 14x08,,,PP ROLL 08,,,2830,3355,100,249,3270,250,99999,3185,,, - ,,, - ,,
,Pp roll 15x08,,,PP ROLL 08,,,2830,3355,100,249,3270,250,99999,3185,,, - ,,, - ,,
,Pp roll 16x08,,,PP ROLL 08,,,2830,3355,100,249,3270,250,99999,3185,,, - ,,, - ,,
,Pp roll 17x08,,,PP ROLL 08,,,2830,3355,100,249,3270,250,99999,3185,,, - ,,, - ,,
,Pp roll 18x08,,,PP ROLL 08,,,2830,3355,100,249,3270,250,99999,3185,,, - ,,, - ,,
,Pp roll 20x08,,,PP ROLL 08,,,2830,3355,100,249,3270,250,99999,3185,,, - ,,, - ,,
,Pp roll 22x08,,,PP ROLL 08,,,2830,3355,100,249,3270,250,99999,3185,,, - ,,, - ,,
,Pp roll 23x08,,,PP ROLL 08,,,2830,3355,100,249,3270,250,99999,3185,,, - ,,, - ,,
,Pp roll 25x08,,,PP ROLL 08,,,2830,3355,100,249,3270,250,99999,3185,,, - ,,, - ,,
,Pp roll 26x08,,,PP ROLL 08,,,2830,3355,100,249,3270,250,99999,3185,,, - ,,, - ,,
,Pp roll 28x08,,,PP ROLL 08,,,2830,3355,100,249,3270,250,99999,3185,,, - ,,, - ,,
,Pp roll 29x08,,,PP ROLL 08,,,2830,3355,100,249,3270,250,99999,3185,,, - ,,, - ,,
,Pp roll 30x08,,,PP ROLL 08,,,2830,3355,100,249,3270,250,99999,3185,,, - ,,, - ,,
,Pp roll 35x08,,,PP ROLL 08,,,2830,3355,100,249,3270,250,99999,3185,,,3135,,, - ,,
,Rafia 88 super,,,RAFIA,,,4050,5500,10,29,4982,30,99999,4860,,, - ,,, - ,,
,Rafia Ban H,,,RAFIA,,,1250,1600,,, - ,,, - ,,, - ,,, - ,,
,Rafia monggo htm,,,RAFIA,,,10925,15000,10,29,13656,30,99999,12892,,, - ,,, - ,,
,Rafia naga 1/2kg,,,RAFIA,,,19800,25000,10,29,23958,30,99999,23364,,, - ,,, - ,,
,Rafia naga 1kg,,,RAFIA,,,38975,48500,10,29,46770,30,99999,45601,,, - ,,, - ,,
,Rafia naga mini,,,RAFIA,,,813,2000,10,59,1065,60,99999,976,,, - ,,, - ,,
,Sablon Bias Mart b tic tas mrh,,,SABLON BIAS MART,,,160,190,,, - ,,, - ,,, - ,,, - ,,
,Sablon lazis mPAQ tic tas mrh bsr,,,SABLON BIAS MART,,,160,190,,, - ,,, - ,,, - ,,, - ,,
,Sablon masjid al Furqon HD 5 kg 05 polos,,,SABLON MASJID AL FURQON,,,635,665,,, - ,,, - ,,, - ,,, - ,,
,Sablon masjid al Furqon Pe 5 kg 08,,,SABLON MASJID AL FURQON,,,350,380,,, - ,,, - ,,, - ,,, - ,,
,Sablon masjid al furqon tic tas mrh p b,,,SABLON MASJID AL FURQON,,,170,200,,, - ,,, - ,,, - ,,, - ,,
,Sablon masjid al furqon tic tas mrh p k,,,SABLON MASJID AL FURQON,,,140,170,,, - ,,, - ,,, - ,,, - ,,
,Sablon masjid al furqon tic tas mrh p tg,,,SABLON MASJID AL FURQON,,,470,500,,, - ,,, - ,,, - ,,, - ,,
,Sablon masjid baitunna'm bsr laku p,,,SABLON MASJID BAITUNNA'M,,,185,215,,, - ,,, - ,,, - ,,, - ,,
,Sablon gula jawa ndares 5 kg 05,,,SABLON GULA JAWA NDARES,,,150,180,,, - ,,, - ,,, - ,,, - ,,
,sablon orchid 2 kg 03,,,SABLON ORCHID,,,105,135,,, - ,,, - ,,, - ,,, - ,,
,Sablon puskesmas girisubo k laku p,,,SABLON PUSKESMAS GIRISUBO,,,170,200,,, - ,,, - ,,, - ,,, - ,,
,Sablon seko dapur opp 13x15,,,SABLON SEKO DAPUR,,,110,140,,, - ,,, - ,,, - ,,, - ,,
,Sablon brs super raja b,,,SABLON SUPER RAJA B,,,140,170,,, - ,,, - ,,, - ,,, - ,,
,Sablon SwissDeli Jb. Tic Tas P,,,SABLON SWISSDELI,,,220,250,,, - ,,, - ,,, - ,,, - ,,
,Sablon SwissDeli opp mcn 15x15x03,,,SABLON SWISSDELI,,,150,180,,, - ,,, - ,,, - ,,, - ,,
,Sablon SwissDeli opp mcn 15x30x03,,,SABLON SWISSDELI,,,150,180,,, - ,,, - ,,, - ,,, - ,,
,Sablon terminal roti opp 17x24x03 mcn,,,SABLON TERMINAL ROTI,,,135,165,,, - ,,, - ,,, - ,,, - ,,
,"Sablon terminal roti opp 18,5x24x03 mcn",,,SABLON TERMINAL ROTI,,,135,165,,, - ,,, - ,,, - ,,, - ,,
,Sablon terminal roti opp mcn 14x22x03,,,SABLON TERMINAL ROTI,,,120,150,,, - ,,, - ,,, - ,,, - ,,
,Sablon terminal roti opp mcn 15x22x03,,,SABLON TERMINAL ROTI,,,120,150,,, - ,,, - ,,, - ,,, - ,,
,Sarung tangan glovio,,,SARUNG TANGAN,,,5670,8500,10,29,7500,30,49,7000,50,99999,6500,,, - ,,
,Sarung tangan harmony,,,SARUNG TANGAN,,,5794,8500,10,29,7500,30,49,7000,50,99999,6500,,, - ,,
,Sarung tangan pota,,,SARUNG TANGAN,,,4100,7000,10,29,6500,30,49,6000,50,99999,5500,,, - ,,
,Sdt 12 mm,,,SEDOTAN,,,8400,10000,10,19,9600,20,99999,9240,,, - ,,, - ,,
,sdt 6 mm,,,SEDOTAN,,,8225,9500,10,29,9200,30,39,9080,40,99999,8950,,, - ,,
,Sdt 6 mm steril h,,,SEDOTAN,,,9750,13500,10,29,13000,30,39,12500,40,99999,12000,,,10238,,
,Sdt 6 mm steril transparan,,,SEDOTAN,,,9750,13500,10,29,13000,30,39,12500,40,99999,12000,,, - ,,
,Sdt aqua/ons,,,SEDOTAN,,,4410,5500,50,99999,5116,,, - ,,, - ,,, - ,,
,"Sdt kopi 1,2 mm",,,SEDOTAN,,,7524,14000,10,29,12400,30,99999,11500,,, - ,,, - ,,
,Sdt panda,,,SEDOTAN,,,865,1500,25,49,977,50,249,956,250,99999,930,,, - ,,
,Sdt pop ice p,,,SEDOTAN,,,5985,8500,10,29,7300,30,74,7150,75,99999,7000,,, - ,,
,Sdt pop ice r,,,SEDOTAN,,,6099,9000,10,29,7900,30,74,7650,75,99999,7400,,, - ,,
,Sdt putih,,,SEDOTAN,,,35860,45000,5,6,41956,7,99999,40163,,, - ,,, - ,,
,sdt steril h,,,SEDOTAN,,,17588,25000,10,19,23800,20,99999,22800,,, - ,,, - ,,
,Sdt steril p,,,SEDOTAN,,,17588,25000,10,19,23800,20,99999,22800,,, - ,,, - ,,
,Sdt terong,,,SEDOTAN,,,2573,3500,10,29,3180,30,99,3125,100,99999,3070,,, - ,,
,Sdt warna,,,SEDOTAN,,,28875,33500,10,14,32582,15,99999,32050,,, - ,,, - ,,
,Grp buah fim,,,SENDOK,,,3173,4500,10,29,4250,30,99,4000,100,99999,3830,,, - ,,
,Grp buah victory,,,SENDOK,,,2150,4000,10,29,3750,30,99,3500,100,99999,3300,,, - ,,
,Grp makan suapi doft,,,SENDOK,,,12257,15000,10,19,14100,20,99999,13590,,, - ,,, - ,,
,Grp suapi bng,,,SENDOK,,,13500,17500,10,19,16250,20,99999,15550,,, - ,,, - ,,
,Sdk ager bng vict,,,SENDOK,,,4575,6000,10,29,5500,30,99,5300,100,99999,5100,,, - ,,
,sdk ager ec,,,SENDOK,,,2500,3000,,, - ,,, - ,,, - ,,, - ,,
,Sdk ager mirosa,,,SENDOK,,,18165,22000,10,14,21300,15,99999,20800,,, - ,,, - ,,
,Sdk bbk bng vict,,,SENDOK,,,5875,9000,10,29,8400,30,49,8100,50,99999,7800,,, - ,,
,Sdk bbk wrn vict,,,SENDOK,,,4000,6200,10,29,5700,30,49,5500,50,99999,5200,,, - ,,
,Sdk bebek suapi doft,,,SENDOK,,,9888,13500,10,19,12800,20,99999,11800,,, - ,,, - ,,
,Sdk bebek warna polos,,,SENDOK,,,3300,5500,10,19,5000,20,99999,4500,,, - ,,, - ,,
,Sdk ice cream kayu ion,,,SENDOK,,,1460,2000,20,199,1750,200,399,1685,400,99999,1615,,, - ,,
,Sdk ice cream pinus,,,SENDOK,,,1450,2000,20,199,1900,200,399,1850,400,99999, - ,,, - ,,
,Sdk makan bening,,,SENDOK,,,18500,21900,10,39,21330,40,99999,20601,,, - ,,, - ,,
,Sdk makan lyberty doft,,,SENDOK,,,2853,4000,10,29,3500,30,79,3281,80,99999,3167,,, - ,,
,Sdk makan suapi bng,,,SENDOK,,,13500,17500,10,19,16250,20,99999,15550,,, - ,,, - ,,
,Sdk makan suapi doft,,,SENDOK,,,12257,15000,10,19,14100,20,99999,13590,,, - ,,, - ,,
,Sdk teh bng vict,,,SENDOK,,,5300,8000,10,29,7300,30,99,7150,100,99999,7000,,,6500,,
,Spork steril h,,,SENDOK,,,21000,26000,10,29,25300,30,99999,24450,,, - ,,, - ,,
,Stick kayu ion,,,SENDOK,,,1460,2000,10,99,1750,100,399,1685,400,99999,1615,,, - ,,
,Stick Kayu Pinus,,,SENDOK,,,1450,3200,10,99,2700,100,399,2000,400,99999, - ,,, - ,,
,Sb 20 x 30,,,SHOPPING BAG,,,14385,20000,10,29,19420,30,99,19132,100,99999,18844,,, - ,,
,Sb 25 x 30,,,SHOPPING BAG,,,17325,24000,10,29,23389,30,79,23042,80,99999,22696,,, - ,,
,Sb 25 x 35,,,SHOPPING BAG,,,20450,25500,10,29,25000,30,79,24600,80,99999,24200,,, - ,,
,Sb 25 x 35 rea,,,SHOPPING BAG,,,22638,28000,10,29,27166,30,79,26034,80,99999,24902,,, - ,,
,Sb 30 x 30,,,SHOPPING BAG,,,18750,26000,10,29,25313,30,69,24938,70,99999,24563,,, - ,,
,Sb 30 x 40,,,SHOPPING BAG,,,24450,34000,10,29,33008,30,69,32519,70,99999,32030,,, - ,,
,Sb 35 x 40,,,SHOPPING BAG,,,30030,41500,10,29,40541,30,49,39940,50,99999,39339,,, - ,,
,Sb 35 x 50,,,SHOPPING BAG,,,34755,48000,10,29,46919,30,49,46224,50,99999,45529,,, - ,,
,spbn 25x35x8,,,SPUNBOND,,,1200,2500,12,119,1920,120,99999,1800,,, - ,,, - ,,
,spbn 30x40x8,,,SPUNBOND,,,1450,3000,12,119,2695,120,99999,2503,,, - ,,, - ,,
,Spbn dos 22,,,SPUNBOND,,,2521,4000,12,119,3769,120,99999,3479,,, - ,,, - ,,
,Stand 10 x 17,,,STANDING POUCH,,,9625,13000,10,29,12224,30,93,11839,94,99999,11550,,, - ,,
,"Stand 10 x 17,6 panda",,,STANDING POUCH,,,8500,12000,10,29,11500,30,99999,11200,,, - ,,, - ,,
,Stand 12 X 20,,,STANDING POUCH,,,13325,18000,10,29,17355,30,69,16808,70,99999,16398,,, - ,,
,Stand 12 x 20 panda,,,STANDING POUCH,,,12700,16500,10,29,16000,30,99999,15600,,, - ,,, - ,,
,Stand 14 x 22,,,STANDING POUCH,,,17358,23000,10,29,22435,30,53,21728,54,99999,21198,,, - ,,
,stand 14 x 22 panda,,,STANDING POUCH,,,16450,21900,10,29,21300,30,99999,20500,,, - ,,, - ,,
,Stand 16 x 24,,,STANDING POUCH,,,25757,34000,10,29,33325,30,35,32275,36,99999,31488,,, - ,,
,Stand 16 x 24 panda,,,STANDING POUCH,,,24570,31000,10,29,30000,30,99999,29600,,, - ,,, - ,,
,Stand 16 x 32,,,STANDING POUCH,,,32903,43500,10,29,42450,30,99999,41113,,, - ,,, - ,,
,Stand 16 x 32 panda,,,STANDING POUCH,,,34300,40000,10,29,38800,30,99999,36900,,, - ,,, - ,,
,Stand 20 x 29,,,STANDING POUCH,,,39724,51500,10,23,50449,24,99999,48861,,, - ,,, - ,,
,Stand 20 x 29 panda,,,STANDING POUCH,,,42630,53000,10,29,51500,30,99999,50300,,, - ,,, - ,,
,Stapler kenko bsr,,,STAPLER,,,17500,21000,10,99999,19500,,, - ,,, - ,,, - ,,
,Stapler kenko kcl,,,STAPLER,,,7500,9000,10,29,8500,30,99999,8000,,, - ,,, - ,,
,Stapler Max HD 10,,,STAPLER,,,13600,16500,10,99999,15428,,, - ,,, - ,,, - ,,
,Stapler vtec besar hd-45v,,,STAPLER,,,18500,23500,10,99999,22200,,, - ,,, - ,,, - ,,
,Stapler vtec kecil hd-10v,,,STAPLER,,,8650,11000,10,99999,10200,,, - ,,, - ,,, - ,,
,Tf 2,,,STEROFOAM,,,254,500,100,499,355,500,999,335,1000,99999,325,,, - ,,
,TF 2 Lux,,,STEROFOAM,,,21500,25000,5,99999,24500,,, - ,,, - ,,, - ,,
,Tf 3 polos,,,STEROFOAM,,,360,600,100,499,455,500,999,435,1000,99999,405,,, - ,,
,Tf 3 polos LUX,,,STEROFOAM,,,270,500,100,499,400,500,999,380,1000,99999,370,,, - ,,
,Tf 3 sekat,,,STEROFOAM,,,360,600,100,499,455,500,999,435,1000,99999,405,,, - ,,
,Tf burger,,,STEROFOAM,,,195,240,200,1999,230,2000,99999,220,,, - ,,, - ,,
,Sumpit bambu,,,SUMPIT,,,3000,4000,10,29,3700,30,99999,3600,,, - ,,, - ,,
,Sumpit bambu ion+tusuk gigi,,,SUMPIT,,,5447,7500,10,29,7000,30,49,6800,50,99999,6600,,, - ,,
,Tp 15 x 22 rea,,,TAS PLONG,,,8250,11000,10,29,10226,30,139,9982,140,99999,9817,,, - ,,
,Tp 15 x 25,,,TAS PLONG,,,8150,12000,10,29,11329,30,69,11035,70,99999,10740,,, - ,,
,Tp 20 x 30,,,TAS PLONG,,,15910,22000,10,29,21319,30,34,21025,35,99999,20730,,, - ,,
,Tp 20 x 30 rea,,,TAS PLONG,,,15787,19000,10,29,18470,30,79,18313,80,99999,18155,,, - ,,
,Tp 25 x 35,,,TAS PLONG,,,23150,32000,10,24,31253,25,99999,30280,,, - ,,, - ,,
,Tp 25 x 35 rea,,,TAS PLONG,,,24953,30000,10,29,29195,30,49,28945,50,99999,28696,,, - ,,
,Tp 30 x 40,,,TAS PLONG,,,33096,44000,10,24,43228,25,99999,42250,,, - ,,, - ,,
,TP 30 x 40 CKP @50 lbr,,,TAS PLONG,,,17500,21000,10,24,20500,25,99999,20000,,, - ,,, - ,,
,Tp 30 x 40 rea,,,TAS PLONG,,,33814,40500,10,29,39600,30,39,39200,40,99999,38900,,, - ,,
,TP 35 x 45 CKP @50 lbr,,,TAS PLONG,,,21600,26500,10,24,25400,25,99999,24700,,, - ,,, - ,,
,Tp 35 x 50 rea,,,TAS PLONG,,,46749,56500,10,24,54697,25,99999,53762,,, - ,,, - ,,
,Tpl kpl lyr 2x3/a5,,,TERPAL KAPAL LAYAR,,,45594,56000,5,99999,54713,,, - ,,, - ,,, - ,,
,Tpl kpl lyr 3X4/a5,,,TERPAL KAPAL LAYAR,,,91188,111500,5,99999,109426,,, - ,,, - ,,, - ,,
,Tpl kpl lyr 4X6/a5,,,TERPAL KAPAL LAYAR,,,182376,223000,5,99999,218851,,, - ,,, - ,,, - ,,
,Tpl kpl lyr 5x7/a5,,,TERPAL KAPAL LAYAR,,,265965,325000,5,99999,319158,,, - ,,, - ,,, - ,,
,Tpl kpl lyr 6x8/a5,,,TERPAL KAPAL LAYAR,,,364752,446000,5,99999,437702,,, - ,,, - ,,, - ,,
,OX-100,,,THIN FOIL,,,400,650,100,1999,600,2000,99999,580,,, - ,,, - ,,
,Thinwall 1.500 ml Lux,,,THINWALL LUX,,,43500,52500,3,5,49802,6,99999,48128,,, - ,,, - ,,
,Thinwall 1.500 ml Lux ec,,,THINWALL LUX,,,1800,2300,,, - ,,, - ,,, - ,,, - ,,
,Thinwall 1000 ml Lux,,,THINWALL LUX,,,37600,45000,3,5,42500,6,99999,40000,,, - ,,, - ,,
,Thinwall 1000 ml Lux ec,,,THINWALL LUX,,,1500,1950,,, - ,,, - ,,, - ,,, - ,,
,Jolly facial 250 sheet,,,TISU,,,7175,8500,10,29,8173,30,47,7995,48,99999,7818,,, - ,,
,Jolly pop up kecil,,,TISU,,,2575,3500,10,29,3059,30,99,2995,100,99999,2931,,, - ,,
,Toply pth,,,TISU,,,3756,4500,10,29,4205,30,59,4150,60,99999,4100,,, - ,,
,T-soft 500 gram,,,TISU,,,11650,15500,6,11,13800,12,99999,13500,,, - ,,, - ,,
,T-soft pth,,,TISU,,,2363,3500,10,29,3000,39,59,2800,60,99999,2600,,, - ,,
,Toples 1/2kg,,,TOPLES,,,30450,35000,10,29,34500,30,99999,34000,,, - ,,, - ,,
,Toples 1/4kg,,,TOPLES,,,22350,29000,10,29,27000,30,99999,26500,,, - ,,, - ,,
,Toples tabung 1000 ml,,,TOPLES,,,3300,4700,20,39,4200,40,99999,3850,,, - ,,, - ,,
,Toples tabung 1400 ml,,,TOPLES,,,3550,4900,20,39,4350,40,99999,4000,,, - ,,, - ,,
,Toples tabung 500 ml,,,TOPLES,,,3250,4500,25,49,4000,50,99999,3750,,, - ,,, - ,,
,Toples tabung 750 ml,,,TOPLES,,,3300,4700,20,44,4200,45,99999,3850,,, - ,,, - ,,
,Bento 4 sekat bening,,,TRAY BENTO,,,44080,60000,6,11,56875,12,99999,54688,,, - ,,, - ,,
,Bento bening 4 sekat klir,,,TRAY BENTO,,,42700,50000,6,11,46604,12,99999,44578,,, - ,,, - ,,
,Bento hitam SP,,,TRAY BENTO,,,47579,55000,5,7,53526,8,99999,52337,,, - ,,, - ,,
,Bento hitam tekno,,,TRAY BENTO,,,50457,58000,5,7,56764,8,99999,55503,,, - ,,, - ,,
,Tray salad,,,TRAY SALAD,,,33500,37500,10,99999,35750,,, - ,,, - ,,, - ,,
,Tray telur 10 kancing,,,TRAY TELUR,,,819,950,50,249,925,250,299,910,300,99999,895,,, - ,,
,Tray telur 10 kancing LUX,,,TRAY TELUR,,,685,950,50,249,891,250,599,822,600,99999,788,,, - ,,
,Tray telur 10 tdk kancing,,,TRAY TELUR,,,400,550,50,249,500,250,399,480,400,99999,460,,, - ,,
,Tray telur 4,,,TRAY TELUR,,,711,920,50,249,888,250,799,876,800,99999,865,,, - ,,
,Tray telur 6,,,TRAY TELUR,,,786,950,50,249,898,250,899,886,900,99999,875,,, - ,,
,Tsk cilok ion,,,TUSUK CILOK,,,4398,5500,10,29,5150,30,99,5000,100,99999,4900,,, - ,,
,Tsk cilok koi,,,TUSUK CILOK,,,5500,7500,10,29,7000,30,99,6850,100,99999,6730,,, - ,,
,Tsk gigi bambu ion,,,TUSUK GIGI,,,1100,2500,10,29,2000,30,99,1800,100,99999,1650,,, - ,,
,Tsk gigi ion,,,TUSUK GIGI,,,11067,17000,10,29,16500,30,49,16000,50,99999,15500,,, - ,,
,Tsk gigi jojo,,,TUSUK GIGI,,,1169,2500,10,29,2000,30,99,1800,100,99999,1650,,, - ,,
,"Tusuk sate ion 2,5x20",,,TUSUK SATE,,,8531,10500,10,29,10000,30,39,9700,40,99999,9400,,, - ,,
,Tutup ager,,,TUTUP CUP,,,1613,2500,10,29,2002,30,79,1926,80,99999,1850,,, - ,,
,Tutup aqua,,,TUTUP CUP,,,2400,3500,10,29,3030,30,39,2929,40,99999,2828,,, - ,,
,Tutup cembung,,,TUTUP CUP,,,3800,5000,10,29,4597,30,39,4497,40,99999,4397,,, - ,,
,Tutup datar,,,TUTUP CUP,,,2425,3500,10,29,2985,30,39,2870,40,99999,2755,,, - ,,
,Tutup datar bening,,,TUTUP CUP,,,2250,3500,10,29,2982,30,39,2864,40,99999,2746,,, - ,,
,Tutup paper cup,,,TUTUP CUP,,,9500,12500,10,19,12193,20,99999,11693,,, - ,,, - ,,
,Tutup starindo,,,TUTUP CUP,,,7000,8500,10,99999,8380,,, - ,,, - ,,, - ,,
,Tutup gls kertas,,,TUTUP GELAS KERTAS,,,23400,25000,10,99999, - ,,, - ,,, - ,,, - ,,
,TW BOWL 200 ml hiba,,,TW HIBA,,,9450,13000,10,19,12138,20,99999,11730,,, - ,,, - ,,
,TW Rect 1000 ml hiba,,,TW HIBA,,,25250,29500,10,19,28200,20,99999,27100,,, - ,,, - ,,
,TW Rect 500 ml hiba,,,TW HIBA,,,20280,25000,10,19,24133,20,99999,23119,,, - ,,, - ,,
,TW Rect 650 ml hiba,,,TW HIBA,,,21320,26000,10,19,25158,20,99999,24394,,, - ,,, - ,,
,TW Rect 750 ml hiba,,,TW HIBA,,,22360,27000,10,19,26163,20,99999,25480,,, - ,,, - ,,
,TW SQ 1000 ml hiba,,,TW HIBA,,,35500,44500,3,5,42200,20,99999,40800,,, - ,,, - ,,
,TW SQ 1000 ml hiba ec,,,TW HIBA,,,1450,2000,,, - ,,, - ,,, - ,,, - ,,
,TW SQ 1500 ml hiba,,,TW HIBA,,,39000,48500,3,5,46406,6,99999,45240,,, - ,,, - ,,
,TW SQ 1500 ml hiba ec,,,TW HIBA,,,1600,2200,,, - ,,, - ,,, - ,,, - ,,
,TW SQ 2000 ml hiba,,,TW HIBA,,,57583,71000,3,5,68524,6,99999,66220,,, - ,,, - ,,
,TW SQ 2000 ml hiba ec,,,TW HIBA,,,2300,3250,,, - ,,, - ,,, - ,,, - ,,
,TW SQ 3000 ml hiba,,,TW HIBA,,,69333,80800,3,5,77091,6,99999,74554,,, - ,,, - ,,
,TW SQ 3000 ml hiba ec,,,TW HIBA,,,2800,3750,,, - ,,, - ,,, - ,,, - ,,
,Twin cup,,,TWIN CUP,,,2000,2500,,, - ,,, - ,,, - ,,, - ,,
,Pp jd 03 1 kg yt,,,Uncategorized,,,4500,5900,,, - ,,, - ,,, - ,,, - ,,
,Wraping 30 cm bf,,,WRAPING,,,17000,20000,10,23,19300,24,99999,18700,,, - ,,, - ,,
,wraping 30 cm bsr,,,WRAPING,,,135135,179500,3,5,174275,6,99999,170440,,, - ,,, - ,,
,wraping 40 cm bsr,,,WRAPING,,,174484,254500,3,5,241800,6,99999,235553,,, - ,,, - ,,
,wraping 45 cm bsr,,,WRAPING,,,202335,285000,3,5,270400,6,99999,263036,,, - ,,, - ,,
,wraping 60 cm bsr,,,WRAPING,,,321172,432500,3,5,419900,6,99999,407888,,, - ,,, - ,,
,Wraping barang 50 cm,,,WRAPING,,,47369,59000,3,5,56843,6,99999, - ,,, - ,,, - ,,
